date,tmin,tmax,prcp,snow,snwd,awnd
2017-01-01,41,10.0,0.54,0.0,0.0,6.49
2017-01-08,15,-2.78,0.0,0.0,1.2,4.92
2017-01-16,44,10.56,0.0,0.0,0.0,4.47
2017-01-23,43,15.56,0.28,0.0,0.0,9.84
2017-02-07,49,24.44,0.0,0.0,0.0,12.53
2017-02-08,54,23.33,0.09,0.0,0.0,5.82
2017-02-21,44,18.89,0.0,0.0,0.0,5.82
2017-02-24,47,26.67,0.0,0.0,0.0,3.58
2017-02-25,52,27.22,0.0,0.0,0.0,13.2
2017-02-26,37,13.33,0.0,0.0,0.0,4.47
2017-03-02,39,16.67,0.0,0.0,0.0,8.05
2017-03-03,31,12.22,0.0,0.0,0.0,6.71
2017-03-08,46,20.56,0.05,0.0,0.0,8.5
2017-03-20,30,18.89,0.0,0.0,0.0,3.58
2017-04-03,50,24.44,0.4,0.0,0.0,9.17
2017-04-05,53,25.56,0.32,0.0,0.0,6.71
2017-04-06,50,21.11,0.09,0.0,0.0,15.21
2017-04-07,43,15.0,0.0,0.0,0.0,11.86
2017-04-09,38,25.0,0.0,0.0,0.0,4.47
2017-04-11,55,27.78,0.0,0.0,0.0,10.51
2017-04-18,61,23.33,0.03,0.0,0.0,9.62
2017-04-25,58,21.11,2.17,0.0,0.0,6.93
2017-05-13,52,18.89,0.23,0.0,0.0,4.47
2017-05-19,68,31.67,0.0,0.0,0.0,8.05
2017-05-20,67,32.22,0.0,0.0,0.0,7.38
2017-05-22,68,26.67,0.3,0.0,0.0,8.05
2017-05-23,67,21.67,0.69,0.0,0.0,4.47
2017-05-29,64,30.56,0.08,0.0,0.0,3.13
2017-06-01,62,29.44,0.0,0.0,0.0,1.57
2017-06-02,61,29.44,0.0,0.0,0.0,3.8
2017-06-04,61,32.22,0.38,0.0,0.0,5.82
2017-06-12,67,31.67,0.0,0.0,0.0,6.49
2017-06-14,66,33.89,0.0,0.0,0.0,5.82
2017-06-15,70,32.78,0.0,0.0,0.0,3.36
2017-07-02,71,33.33,0.0,0.0,0.0,4.47
2017-07-05,70,31.67,0.47,0.0,0.0,2.46
2017-07-11,71,35.0,0.0,0.0,0.0,6.93
2017-07-16,73,32.78,0.05,0.0,0.0,5.14
2017-07-19,67,34.44,0.0,0.0,0.0,2.68
2017-07-20,71,37.22,0.0,0.0,0.0,3.8
2017-07-22,76,38.33,0.0,0.0,0.0,10.74
2017-08-03,68,34.44,0.0,0.0,0.0,3.8
2017-08-04,68,33.33,0.0,0.0,0.0,7.16
2017-08-07,74,33.33,0.04,0.0,0.0,10.96
2017-08-13,73,27.22,0.73,0.0,0.0,6.26
2017-08-21,71,33.89,0.0,0.0,0.0,3.13
2017-08-27,63,27.22,0.0,0.0,0.0,9.17
2017-08-31,69,30.56,0.01,0.0,0.0,7.16
2017-09-04,59,30.56,0.0,0.0,0.0,3.58
2017-09-13,61,28.89,0.0,0.0,0.0,6.71
2017-09-22,61,31.67,0.0,0.0,0.0,2.24
2017-09-25,63,28.33,0.0,0.0,0.0,6.71
2017-10-20,43,25.0,0.0,0.0,0.0,2.01
2017-10-21,48,26.11,0.0,0.0,0.0,2.01
2017-10-23,61,24.44,1.12,0.0,0.0,10.74
2017-10-30,36,15.0,0.0,0.0,0.0,6.93
2017-10-31,39,20.56,0.0,0.0,0.0,1.79
2017-11-08,43,7.22,0.13,0.0,0.0,8.28
2017-11-09,45,10.0,0.27,0.0,0.0,4.03
2017-11-23,29,10.0,0.0,0.0,0.0,2.68
2017-11-24,26,13.89,0.0,0.0,0.0,1.57
2017-11-26,33,16.67,0.0,0.0,0.0,2.91
2017-12-01,41,17.22,0.0,0.0,0.0,5.14
2017-12-03,42,17.78,0.0,0.0,0.0,2.46
2017-12-12,30,11.67,0.0,0.0,0.0,9.62
2017-12-18,35,16.11,0.0,0.0,0.0,2.01
2017-12-20,48,13.33,0.42,0.0,0.0,2.46
2017-12-25,30,8.33,0.0,0.0,0.0,7.61
2017-12-26,27,6.11,0.0,0.0,0.0,2.24
2017-12-28,18,-1.11,0.0,0.0,0.0,7.83
2017-12-29,15,5.56,0.0,0.0,0.0,2.01
2017-12-30,27,11.11,0.0,0.0,0.0,4.92
2018-01-17,23,3.33,0.49,5.9,0.0,5.82
2018-01-29,33,11.11,0.59,0.0,0.0,8.05
2018-02-01,31,16.67,0.0,0.0,0.0,13.2
2018-02-06,29,15.0,0.0,0.0,0.0,5.37
2018-02-13,37,6.67,0.0,0.0,0.0,8.72
2018-02-15,54,23.89,0.0,0.0,0.0,14.32
2018-02-16,56,27.22,0.02,0.0,0.0,13.42
2018-02-19,40,10.0,0.3,0.0,0.0,2.46
2018-02-20,50,22.22,0.0,0.0,0.0,3.36
2018-02-21,63,25.0,0.0,0.0,0.0,8.95
2018-03-13,29,8.89,0.0,0.0,1.2,6.71
2018-03-17,34,21.67,0.27,0.0,0.0,6.26
2018-03-22,32,11.67,0.0,0.0,0.0,6.04
2018-04-08,32,11.11,0.0,0.0,0.0,4.92
2018-04-09,40,13.89,0.0,0.0,0.0,5.14
2018-04-19,45,24.44,0.0,0.0,0.0,10.96
2018-04-20,34,18.33,0.0,0.0,0.0,2.91
2018-04-22,42,21.11,0.0,0.0,0.0,5.59
2018-05-03,57,29.44,0.0,0.0,0.0,11.86
2018-05-09,50,26.11,0.0,0.0,0.0,4.7
2018-05-12,67,33.33,0.0,0.0,0.0,6.26
2018-05-22,67,29.44,0.05,0.0,0.0,5.82
2018-05-24,68,28.89,0.0,0.0,0.0,6.93
2018-06-10,67,32.78,0.2,0.0,0.0,4.47
2018-06-14,70,32.78,0.0,0.0,0.0,4.47
2018-06-15,69,30.0,0.0,0.0,0.0,5.82
2018-06-17,70,33.89,0.0,0.0,0.0,5.37
2018-07-01,73,35.0,0.48,0.0,0.0,5.82
2018-07-07,67,26.11,0.65,0.0,0.0,9.4
2018-07-09,57,30.56,0.0,0.0,0.0,3.58
2018-07-15,68,35.0,0.0,0.0,0.0,6.04
2018-07-28,71,32.78,0.84,0.0,0.0,4.25
2018-07-29,70,31.11,0.07,0.0,0.0,4.25
2018-07-30,72,30.0,0.72,0.0,0.0,4.47
2018-07-31,73,30.56,0.22,0.0,0.0,5.37
2018-08-02,71,31.67,0.26,0.0,0.0,7.83
2018-08-06,72,33.33,0.05,0.0,0.0,2.91
2018-08-12,70,31.67,0.8,0.0,0.0,2.91
2018-08-21,71,30.56,0.01,0.0,0.0,9.4
2018-08-25,59,28.33,0.0,0.0,0.0,2.68
2018-08-26,60,31.11,0.0,0.0,0.0,2.68
2018-08-29,72,34.44,0.0,0.0,0.0,7.38
2018-09-13,74,27.22,0.28,0.0,0.0,11.18
2018-09-14,73,26.11,2.5,0.0,0.0,20.36
2018-09-20,67,30.56,0.0,0.0,0.0,4.25
2018-09-26,66,30.56,0.12,0.0,0.0,5.37
2018-09-27,70,26.11,0.21,0.0,0.0,4.25
2018-10-10,69,27.22,0.1,0.0,0.0,7.61
2018-10-12,51,21.67,0.0,0.0,0.0,2.91
2018-10-24,38,16.11,0.0,0.0,0.0,3.58
2018-10-27,47,12.78,0.01,0.0,0.0,8.5
2018-11-01,55,23.89,0.11,0.0,0.0,10.29
2018-11-02,60,21.11,0.0,0.0,0.0,11.86
2018-11-04,37,18.33,0.04,0.0,0.0,7.38
2018-11-14,39,8.89,0.04,0.0,0.0,8.05
2018-11-21,30,13.89,0.0,0.0,0.0,2.24
2018-11-25,42,15.0,0.0,0.0,0.0,3.8
2018-11-27,31,8.89,0.0,0.0,0.0,6.71
2018-12-01,52,16.67,0.32,0.0,0.0,5.14
2018-12-05,30,8.89,0.0,0.0,0.0,4.03
2018-12-07,29,10.0,0.0,0.0,0.0,1.79
2018-12-09,30,3.33,1.75,7.0,3.1,15.21
2018-12-14,36,13.89,0.7,0.0,0.0,5.14
2018-12-15,42,9.44,0.23,0.0,0.0,3.58
2018-12-16,42,15.56,0.0,0.0,0.0,7.61
2018-12-19,27,11.67,0.0,0.0,0.0,1.12
2018-12-25,26,10.0,0.0,0.0,0.0,1.57
2018-12-26,26,10.56,0.0,0.0,0.0,2.46
2019-01-06,39,18.33,0.0,0.0,0.0,2.68
2019-01-10,27,3.89,0.0,0.0,0.0,6.93
2019-01-11,21,6.11,0.0,0.0,0.0,2.01
2019-01-16,26,12.22,0.0,0.0,0.0,3.13
2019-01-17,28,9.44,0.01,0.0,0.0,4.7
2019-01-18,39,15.0,0.0,0.0,0.0,4.92
2019-01-24,35,18.33,0.73,0.0,0.0,11.41
2019-01-28,37,10.0,0.0,0.0,0.0,5.82
2019-01-29,31,12.22,0.16,0.0,0.0,8.95
2019-01-31,18,3.89,0.0,0.0,0.0,4.92
2019-02-03,33,16.11,0.0,0.0,0.0,0.0
2019-02-11,36,7.78,0.15,0.0,0.0,3.58
2019-02-22,40,11.67,0.69,0.0,0.0,7.38
2019-02-23,39,5.56,1.02,0.0,0.0,5.14
2019-03-04,34,10.0,0.01,0.0,0.0,4.92
2019-03-05,32,6.67,0.0,0.0,0.0,5.14
2019-03-10,47,20.0,0.04,0.0,0.0,9.4
2019-03-12,35,15.56,0.0,0.0,0.0,2.68
2019-03-13,32,17.78,0.0,0.0,0.0,4.7
2019-03-14,50,23.89,0.0,0.0,0.0,10.29
2019-03-17,35,13.89,0.0,0.0,0.0,3.8
2019-03-20,32,11.67,0.05,0.0,0.0,6.71
2019-03-25,51,21.67,0.54,0.0,0.0,7.38
2019-03-30,53,24.44,0.0,0.0,0.0,10.74
2019-03-31,44,18.33,0.01,0.0,0.0,9.17
2019-04-10,54,23.33,0.0,0.0,0.0,4.25
2019-04-15,47,21.67,0.05,0.0,0.0,10.51
2019-04-27,45,23.33,0.0,0.0,0.0,8.05
2019-04-29,54,20.56,0.0,0.0,0.0,7.61
2019-05-04,65,30.0,0.63,0.0,0.0,7.38
2019-05-17,58,29.44,0.0,0.0,0.0,6.26
2019-05-18,62,32.78,0.0,0.0,0.0,2.01
2019-05-19,69,31.67,0.0,0.0,0.0,10.74
2019-05-20,69,31.11,0.0,0.0,0.0,10.96
2019-05-22,62,26.67,0.0,0.0,0.0,6.04
2019-05-28,67,35.56,0.0,0.0,0.0,6.04
2019-05-29,68,35.0,0.0,0.0,0.0,5.37
2019-06-03,60,27.78,0.0,0.0,0.0,4.7
2019-06-06,69,32.22,0.0,0.0,0.0,7.61
2019-06-11,61,27.22,0.02,0.0,0.0,6.26
2019-06-13,61,26.11,0.35,0.0,0.0,7.61
2019-06-15,51,28.33,0.0,0.0,0.0,6.93
2019-06-18,71,32.78,0.06,0.0,0.0,9.4
2019-06-26,68,31.67,0.0,0.0,0.0,2.46
2019-06-27,67,33.89,0.0,0.0,0.0,3.36
2019-06-29,68,33.33,0.03,0.0,0.0,4.03
2019-07-06,74,33.89,0.0,0.0,0.0,8.95
2019-07-20,73,35.0,0.0,0.0,0.0,5.37
2019-07-31,69,35.0,0.24,0.0,0.0,3.36
2019-08-13,73,35.56,0.56,0.0,0.0,7.61
2019-08-18,70,33.33,0.0,0.0,0.0,2.91
2019-08-22,71,35.0,0.34,0.0,0.0,6.71
2019-08-26,61,26.11,0.0,0.0,0.0,6.49
2019-09-07,63,32.22,0.0,0.0,0.0,3.58
2019-09-11,68,33.33,0.0,0.0,0.0,3.8
2019-09-15,67,30.0,0.0,0.0,0.0,3.36
2019-09-22,63,32.22,0.0,0.0,0.0,7.61
2019-09-27,68,31.11,0.0,0.0,0.0,8.05
2019-10-03,70,37.78,0.0,0.0,0.0,3.58
2019-10-07,58,29.44,0.0,0.0,0.0,3.58
2019-10-10,53,23.89,0.0,0.0,0.0,4.7
2019-10-17,45,18.89,0.0,0.0,0.0,8.28
2019-10-18,40,20.0,0.0,0.0,0.0,2.46
2019-10-24,40,22.78,0.0,0.0,0.0,1.57
2019-10-27,61,29.44,0.13,0.0,0.0,8.28
2019-10-30,62,21.11,0.35,0.0,0.0,5.82
2019-11-05,45,22.78,0.0,0.0,0.0,1.12
2019-11-13,25,4.44,0.0,0.0,0.0,5.59
2019-11-16,42,10.0,0.0,0.0,0.0,15.66
2019-11-23,47,15.56,0.76,0.0,0.0,7.61
2019-12-05,30,14.44,0.0,0.0,0.0,3.13
2019-12-06,31,13.33,0.0,0.0,0.0,4.47
2019-12-09,43,16.11,0.0,0.0,0.0,7.16
2019-12-10,48,24.44,0.15,0.0,0.0,9.84
2019-12-12,28,7.22,0.0,0.0,0.0,6.93
2019-12-13,36,9.44,1.4,0.0,0.0,4.25
2019-12-17,45,17.78,0.41,0.0,0.0,10.96
2019-12-22,26,8.89,0.04,0.0,0.0,0.45
2019-12-26,34,18.89,0.0,0.0,0.0,1.12
2019-12-28,48,21.67,0.0,0.0,0.0,1.79
2020-01-04,43,18.33,0.45,0.0,0.0,9.17
2020-01-09,30,10.56,0.0,0.0,0.0,6.04
2020-01-13,63,19.44,0.46,0.0,0.0,5.37
2020-01-20,26,3.89,0.0,0.0,0.0,5.82
2020-01-24,39,18.33,0.21,0.0,0.0,9.84
2020-01-25,39,15.0,0.55,0.0,0.0,5.14
2020-02-03,42,23.33,0.0,0.0,0.0,7.38
2020-02-11,61,21.67,0.42,0.0,0.0,12.3
2020-02-17,37,15.0,0.0,0.0,0.0,5.14
2020-02-20,33,6.11,0.47,2.5,0.0,6.49
2020-02-28,27,11.67,0.01,0.0,0.0,7.61
2020-02-29,29,8.33,0.0,0.0,0.0,6.71
2020-03-08,28,17.22,0.0,0.0,0.0,4.47
2020-03-09,37,20.56,0.0,0.0,0.0,11.41
2020-03-25,45,13.89,0.86,0.0,0.0,7.16
2020-03-26,47,16.11,0.0,0.0,0.0,5.14
2020-03-27,52,27.22,0.0,0.0,0.0,8.5
2020-03-30,62,25.0,0.0,0.0,0.0,7.16
2020-04-09,57,26.67,0.09,0.0,0.0,10.07
2020-04-14,52,23.33,0.0,0.0,0.0,6.71
2020-04-19,39,21.11,0.0,0.0,0.0,4.03
2020-04-20,51,16.67,0.68,0.0,0.0,4.92
2020-04-23,55,18.89,0.1,0.0,0.0,7.83
2020-04-24,61,26.67,0.01,0.0,0.0,10.51
2020-05-17,60,30.0,0.0,0.0,0.0,7.16
2020-05-20,53,15.0,1.59,0.0,0.0,13.65
2020-05-21,59,21.11,0.67,0.0,0.0,12.08
2020-05-24,62,30.56,0.12,0.0,0.0,4.7
2020-05-27,67,25.56,0.37,0.0,0.0,8.28
2020-06-03,67,32.78,0.0,0.0,0.0,11.41
2020-06-06,72,32.22,0.0,0.0,0.0,6.04
2020-06-12,68,29.44,0.0,0.0,0.0,6.04
2020-06-14,59,27.22,0.0,0.0,0.0,8.28
2020-06-24,70,31.11,0.0,0.0,0.0,4.92
2020-07-12,67,33.89,0.0,0.0,0.0,3.36
2020-07-15,71,34.44,0.0,0.0,0.0,4.7
2020-07-23,73,35.0,0.36,0.0,0.0,6.26
2020-07-24,72,32.22,0.01,0.0,0.0,6.49
2020-07-25,71,34.44,0.38,0.0,0.0,4.25
2020-07-27,74,35.56,0.0,0.0,0.0,7.16
2020-07-29,72,33.33,0.59,0.0,0.0,5.14
2020-08-01,75,34.44,0.0,0.0,0.0,6.26
2020-08-05,71,31.67,0.0,0.0,0.0,5.37
2020-08-22,73,30.0,0.01,0.0,0.0,5.14
2020-08-23,72,31.67,0.0,0.0,0.0,8.5
2020-08-29,77,30.56,0.03,0.0,0.0,11.86
2020-09-06,57,27.78,0.0,0.0,0.0,3.58
2020-09-09,72,27.78,0.03,0.0,0.0,7.38
2020-09-11,73,31.11,0.05,0.0,0.0,4.92
2020-09-13,64,29.44,0.0,0.0,0.0,3.8
2020-09-14,66,29.44,0.0,0.0,0.0,6.71
2020-09-19,51,18.89,0.0,0.0,0.0,9.62
2020-09-20,51,21.11,0.0,0.0,0.0,9.62
2020-09-22,44,22.22,0.0,0.0,0.0,2.46
2020-09-23,50,22.78,0.0,0.0,0.0,1.34
2020-09-24,58,22.22,0.11,0.0,0.0,2.24
2020-09-25,61,20.56,1.9,0.0,0.0,5.82
2020-09-28,63,28.33,0.01,0.0,0.0,6.93
2020-09-30,53,22.22,0.0,0.0,0.0,5.59
2020-10-07,57,28.33,0.0,0.0,0.0,5.82
2020-10-13,54,27.78,0.0,0.0,0.0,3.58
2020-10-19,51,23.89,0.0,0.0,0.0,0.67
2020-10-20,53,26.67,0.0,0.0,0.0,1.12
2020-10-30,48,23.33,0.28,0.0,0.0,6.49
2020-11-03,33,18.89,0.0,0.0,0.0,3.13
2020-11-08,52,26.11,0.0,0.0,0.0,4.47
2020-11-10,54,26.11,0.0,0.0,0.0,4.03
2020-11-12,59,21.67,2.94,0.0,0.0,6.04
2020-11-15,51,24.44,0.0,0.0,0.0,10.51
2020-11-18,31,11.11,0.0,0.0,0.0,2.91
2020-11-22,41,21.11,0.0,0.0,0.0,2.01
2020-11-25,37,19.44,0.0,0.0,0.0,6.93
2020-11-28,41,19.44,0.0,0.0,0.0,1.34
2020-12-02,29,11.67,0.0,0.0,0.0,4.47
2020-12-09,26,11.67,0.0,0.0,0.0,6.04
2020-12-11,35,20.0,0.0,0.0,0.0,1.34
2020-12-12,44,18.33,0.0,0.0,0.0,6.71
2020-12-22,32,13.33,0.0,0.0,0.0,6.26
2020-12-28,31,16.11,0.0,0.0,0.0,5.37
2021-01-04,34,9.44,0.0,0.0,0.0,1.12
2021-01-13,26,13.89,0.0,0.0,0.0,2.91
2021-01-15,33,13.89,0.24,0.0,0.0,6.04
2021-01-20,31,12.22,0.0,0.0,0.0,6.04
2021-02-05,39,9.44,0.16,0.0,0.0,8.28
2021-02-12,32,2.78,0.05,0.0,0.0,9.62
2021-02-13,32,1.67,0.77,0.0,0.0,7.61
2021-02-21,22,7.78,0.0,0.0,0.0,6.49
2021-02-23,31,18.33,0.0,0.0,0.0,6.93
2021-03-02,37,10.56,0.0,0.0,0.0,2.91
2021-03-08,26,16.11,0.0,0.0,0.0,1.12
2021-03-17,43,15.0,0.0,0.0,0.0,4.25
2021-03-21,41,19.44,0.0,0.0,0.0,11.86
2021-03-29,43,17.22,0.0,0.0,0.0,4.7
2021-03-31,60,23.33,0.4,0.0,0.0,7.83
2021-04-03,26,15.56,0.0,0.0,0.0,3.13
2021-04-04,36,23.33,0.0,0.0,0.0,5.37
2021-04-10,57,26.11,0.24,0.0,0.0,8.95
2021-04-12,49,26.11,0.0,0.0,0.0,4.25
2021-04-16,38,20.56,0.0,0.0,0.0,4.92
2021-04-19,47,18.89,0.01,0.0,0.0,4.7
2021-04-21,42,25.0,0.0,0.0,0.0,10.74
2021-04-29,67,30.0,0.0,0.0,0.0,16.11
2021-05-01,49,23.33,0.0,0.0,0.0,4.25
2021-05-05,63,29.44,0.0,0.0,0.0,10.07
2021-05-16,45,22.78,0.01,0.0,0.0,1.79
2021-05-18,57,24.44,0.0,0.0,0.0,3.58
2021-05-27,67,33.33,0.0,0.0,0.0,3.13
2021-05-29,54,29.44,0.06,0.0,0.0,9.17
2021-06-15,64,29.44,0.0,0.0,0.0,5.14
2021-06-16,59,28.33,0.0,0.0,0.0,3.36
2021-06-28,67,32.22,0.0,0.0,0.0,4.92
2021-06-30,73,33.33,0.0,0.0,0.0,8.72
2021-07-03,59,27.22,0.0,0.0,0.0,3.13
2021-07-09,70,32.78,0.52,0.0,0.0,6.26
2021-07-12,74,32.22,0.0,0.0,0.0,10.07
2021-07-16,73,33.89,0.0,0.0,0.0,6.71
2021-07-27,71,33.89,0.0,0.0,0.0,4.92
2021-07-29,68,34.44,0.0,0.0,0.0,8.28
2021-07-30,76,35.56,0.0,0.0,0.0,6.71
2021-08-02,69,29.44,0.0,0.0,0.0,7.16
2021-08-04,66,27.22,0.03,0.0,0.0,8.05
2021-08-06,61,30.56,0.39,0.0,0.0,2.91
2021-08-10,73,35.56,0.0,0.0,0.0,6.49
2021-08-11,74,36.11,0.0,0.0,0.0,7.61
2021-08-12,74,36.67,0.0,0.0,0.0,6.71
2021-08-17,73,30.0,0.08,0.0,0.0,6.04
2021-08-18,76,32.78,0.1,0.0,0.0,9.4
2021-08-29,71,35.0,0.0,0.0,0.0,2.46
2021-09-01,68,31.11,0.21,0.0,0.0,13.65
2021-09-02,58,27.22,0.0,0.0,0.0,6.71
2021-09-04,54,29.44,0.0,0.0,0.0,2.91
2021-09-05,64,31.67,0.0,0.0,0.0,8.5
2021-09-07,62,32.78,0.0,0.0,0.0,4.03
2021-09-14,67,32.78,0.0,0.0,0.0,6.04
2021-09-18,71,30.0,0.0,0.0,0.0,2.46
2021-09-23,54,25.56,0.0,0.0,0.0,3.58
2021-09-26,51,25.56,0.0,0.0,0.0,2.91
2021-09-29,60,28.89,0.0,0.0,0.0,4.25
2021-10-17,45,18.89,0.0,0.0,0.0,4.25
2021-10-23,50,22.78,0.0,0.0,0.0,2.24
2021-10-24,48,25.56,0.0,0.0,0.0,4.25
2021-10-25,61,26.11,1.04,0.0,0.0,5.14
2021-10-27,46,21.11,0.0,0.0,0.0,3.36
2021-10-28,47,22.22,0.28,0.0,0.0,6.93
2021-11-02,45,18.89,0.0,0.0,0.0,5.14
2021-11-10,43,26.11,0.0,0.0,0.0,1.34
2021-11-11,45,23.89,0.02,0.0,0.0,5.82
2021-11-12,46,21.67,0.0,0.0,0.0,5.14
2021-11-17,42,23.89,0.0,0.0,0.0,6.04
2021-11-19,33,15.0,0.0,0.0,0.0,5.59
2021-11-22,41,13.89,0.52,0.0,0.0,4.25
2021-11-29,27,9.44,0.0,0.0,0.0,4.03
2021-12-01,30,19.44,0.0,0.0,0.0,3.36
2021-12-04,44,22.78,0.0,0.0,0.0,3.58
2021-12-06,47,22.78,0.0,0.0,0.0,11.41
2021-12-10,37,15.0,0.0,0.0,0.0,2.46
2021-12-11,55,22.78,0.41,0.0,0.0,12.3
2021-12-14,28,16.11,0.0,0.0,0.0,3.58
2021-12-15,32,16.67,0.0,0.0,0.0,2.01
2021-12-18,59,21.67,0.02,0.0,0.0,9.4
2021-12-28,53,23.89,0.0,0.0,0.0,9.17
2022-01-08,21,5.56,0.0,0.0,0.0,3.8
2022-01-17,33,5.56,0.0,0.0,0.0,13.0
2022-01-26,28,5.56,0.0,0.0,0.0,8.5
2022-02-05,27,8.33,0.0,0.0,0.0,6.5
2022-02-08,33,10.0,0.0,0.0,0.0,2.9
2022-02-15,23,11.67,0.0,0.0,0.0,3.8
2022-02-16,33,19.44,0.0,0.0,0.0,8.3
2022-02-20,26,12.22,0.0,0.0,0.0,5.4
2022-02-22,59,22.78,0.0,0.0,0.0,11.4
2022-02-23,55,21.67,0.09,0.0,0.0,4.9
2022-03-05,45,21.11,0.0,0.0,0.0,6.0
2022-03-09,45,11.11,0.42,0.0,0.0,4.5
2022-03-10,43,9.44,0.05,0.0,0.0,7.2
2022-03-13,23,11.11,0.0,0.0,0.0,8.3
2022-03-20,46,19.44,0.0,0.0,0.0,7.6
2022-03-22,47,24.44,0.0,0.0,0.0,8.1
2022-03-23,59,23.33,0.13,0.0,0.0,9.8
2022-04-01,46,20.56,0.0,0.0,0.0,9.6
2022-04-02,35,18.89,0.0,0.0,0.0,3.8
2022-04-06,61,27.22,0.0,0.0,0.0,9.2
2022-04-11,43,27.78,0.0,0.0,0.0,7.4
2022-04-14,67,27.78,0.0,0.0,0.0,12.3
2022-04-17,56,23.89,0.0,0.0,0.0,
2022-04-23,59,28.33,0.0,0.0,0.0,6.5
2022-04-28,45,21.67,0.0,0.0,0.0,4.3
2022-05-27,68,27.22,1.12,0.0,0.0,10.7
2017-01-02,47,10.56,1.08,0.0,0.0,5.59
2017-01-05,29,6.67,0.0,0.0,0.0,2.01
2017-01-06,32,6.11,0.25,0.0,0.0,6.04
2017-01-14,42,12.78,0.0,0.0,0.0,6.71
2017-01-22,53,13.33,0.09,0.0,0.0,5.82
2017-02-02,37,16.11,0.0,0.0,0.0,2.24
2017-02-03,34,9.44,0.06,0.0,0.0,4.7
2017-02-04,26,7.22,0.0,0.0,0.0,4.7
2017-02-05,27,15.56,0.01,0.0,0.0,4.92
2017-02-11,41,22.78,0.0,0.0,0.0,12.3
2017-02-14,30,17.78,0.0,0.0,0.0,4.7
2017-02-22,51,21.11,0.0,0.0,0.0,3.8
2017-02-27,35,18.89,0.0,0.0,0.0,5.37
2017-03-01,59,26.11,0.97,0.0,0.0,17.22
2017-03-05,30,11.67,0.0,0.0,0.0,6.26
2017-03-12,30,8.89,0.03,0.3,0.0,4.92
2017-03-16,24,10.0,0.0,0.0,0.0,6.04
2017-03-18,44,17.78,0.5,0.0,0.0,7.83
2017-03-24,37,21.67,0.0,0.0,0.0,9.62
2017-03-25,52,24.44,0.0,0.0,0.0,10.74
2017-03-29,55,22.78,0.0,0.0,0.0,4.92
2017-04-04,63,27.78,0.0,0.0,0.0,12.97
2017-04-10,49,25.56,0.0,0.0,0.0,9.62
2017-04-13,54,26.67,0.0,0.0,0.0,8.05
2017-04-14,53,27.22,0.0,0.0,0.0,4.47
2017-04-24,53,15.56,4.51,0.0,0.0,10.96
2017-05-02,60,25.0,0.0,0.0,0.0,11.41
2017-05-07,45,20.56,0.0,0.0,0.0,5.82
2017-05-08,43,21.67,0.0,0.0,0.0,4.7
2017-05-10,57,28.33,0.45,0.0,0.0,3.8
2017-05-15,60,29.44,0.0,0.0,0.0,4.7
2017-05-24,65,23.33,0.29,0.0,0.0,5.82
2017-05-25,60,24.44,0.82,0.0,0.0,11.41
2017-05-28,67,30.0,0.08,0.0,0.0,6.71
2017-06-10,61,31.67,0.0,0.0,0.0,6.04
2017-06-20,67,27.78,0.72,0.0,0.0,4.47
2017-06-21,66,29.44,0.2,0.0,0.0,6.71
2017-06-30,69,30.56,0.05,0.0,0.0,7.83
2017-07-06,68,33.89,0.0,0.0,0.0,5.82
2017-07-08,71,35.0,0.05,0.0,0.0,6.49
2017-07-10,70,32.22,0.0,0.0,0.0,4.47
2017-07-12,75,34.44,0.0,0.0,0.0,8.72
2017-07-17,71,32.22,0.02,0.0,0.0,4.47
2017-07-25,74,32.78,0.0,0.0,0.0,4.7
2017-07-26,72,32.22,0.0,0.0,0.0,5.82
2017-07-29,70,27.78,0.01,0.0,0.0,8.5
2017-08-01,60,31.11,0.0,0.0,0.0,2.91
2017-08-06,65,32.22,0.0,0.0,0.0,7.61
2017-08-09,67,28.89,0.0,0.0,0.0,6.71
2017-08-11,73,31.67,1.2,0.0,0.0,4.25
2017-08-14,73,31.11,0.21,0.0,0.0,3.8
2017-08-15,76,32.78,0.07,0.0,0.0,2.91
2017-08-23,74,35.0,0.21,0.0,0.0,5.82
2017-08-24,71,28.89,0.0,0.0,0.0,6.04
2017-08-26,68,28.33,0.0,0.0,0.0,8.05
2017-08-28,62,25.56,0.03,0.0,0.0,11.41
2017-09-02,61,28.33,0.0,0.0,0.0,6.26
2017-09-08,51,25.0,0.0,0.0,0.0,2.68
2017-09-09,53,24.44,0.0,0.0,0.0,7.38
2017-09-18,65,28.33,0.0,0.0,0.0,6.71
2017-09-20,62,32.78,0.0,0.0,0.0,3.58
2017-10-03,50,25.0,0.0,0.0,0.0,6.26
2017-10-15,62,28.33,0.0,0.0,0.0,9.84
2017-10-24,52,22.22,0.0,0.0,0.0,6.49
2017-10-25,42,18.89,0.0,0.0,0.0,3.8
2017-10-28,47,23.33,0.76,0.0,0.0,4.92
2017-11-02,55,25.56,0.0,0.0,0.0,2.01
2017-11-04,56,17.78,0.0,0.0,0.0,8.28
2017-11-06,53,24.44,0.0,0.0,0.0,4.7
2017-11-10,35,14.44,0.0,0.0,0.0,6.71
2017-11-13,42,15.56,0.64,0.0,0.0,4.25
2017-11-14,43,11.11,0.0,0.0,0.0,8.72
2017-11-22,42,16.67,0.03,0.0,0.0,4.7
2017-11-29,40,21.11,0.0,0.0,0.0,2.46
2017-11-30,35,20.56,0.0,0.0,0.0,1.12
2017-12-07,40,9.44,0.0,0.0,0.0,2.46
2017-12-15,31,6.11,0.0,0.0,0.0,5.14
2017-12-22,36,16.11,0.0,0.0,0.0,3.58
2017-12-23,48,21.67,0.0,0.0,0.0,12.08
2018-01-02,12,0.0,0.0,0.0,0.0,2.91
2018-01-04,18,-1.11,0.0,0.0,1.2,9.62
2018-01-06,12,-2.78,0.0,0.0,0.0,4.03
2018-01-09,29,17.22,0.0,0.0,0.0,2.68
2018-01-10,43,16.11,0.0,0.0,0.0,4.92
2018-01-21,31,20.0,0.0,0.0,0.0,1.12
2018-01-30,25,4.44,0.04,0.0,0.0,6.93
2018-01-31,19,8.33,0.0,0.0,0.0,5.82
2018-02-03,18,5.56,0.0,0.0,0.0,5.14
2018-02-08,33,10.0,0.0,0.0,0.0,3.36
2018-02-09,28,14.44,0.0,0.0,0.0,4.03
2018-02-12,42,18.33,0.08,0.0,0.0,9.84
2018-02-22,61,25.56,0.0,0.0,0.0,9.84
2018-02-25,60,22.78,0.0,0.0,0.0,11.18
2018-02-28,39,13.89,0.07,0.0,0.0,4.92
2018-03-14,31,6.67,0.0,0.0,0.0,7.61
2018-03-24,27,10.0,0.91,0.2,0.0,3.58
2018-03-25,33,12.22,0.3,0.0,0.0,9.84
2018-03-30,51,21.67,0.03,0.0,0.0,13.2
2018-03-31,40,17.78,0.0,0.0,0.0,5.82
2018-04-12,44,23.89,0.0,0.0,0.0,13.87
2018-04-16,41,17.78,0.0,0.0,0.0,14.76
2018-04-23,52,18.89,0.01,0.0,0.0,11.18
2018-04-25,51,20.0,0.0,0.0,0.0,3.8
2018-04-28,50,25.56,0.0,0.0,0.0,5.82
2018-05-05,63,27.78,0.0,0.0,0.0,7.83
2018-05-08,53,25.0,0.0,0.0,0.0,7.83
2018-05-11,59,31.67,0.0,0.0,0.0,4.03
2018-05-20,69,30.0,0.0,0.0,0.0,8.05
2018-05-21,68,30.0,0.72,0.0,0.0,4.7
2018-05-27,69,30.56,0.0,0.0,0.0,9.4
2018-05-28,69,24.44,0.28,0.0,0.0,6.26
2018-05-29,69,27.78,0.62,0.0,0.0,4.47
2018-05-30,73,29.44,0.49,0.0,0.0,5.59
2018-06-02,68,30.56,0.08,0.0,0.0,4.7
2018-06-03,69,31.11,0.0,0.0,0.0,4.92
2018-06-05,57,27.78,0.0,0.0,0.0,3.13
2018-06-06,61,29.44,0.23,0.0,0.0,5.14
2018-06-13,67,29.44,0.0,0.0,0.0,6.04
2018-06-28,68,32.22,0.0,0.0,0.0,4.92
2018-07-02,75,35.0,0.0,0.0,0.0,3.13
2018-07-04,72,33.89,0.0,0.0,0.0,5.37
2018-07-13,68,31.11,0.0,0.0,0.0,7.61
2018-07-22,68,31.67,1.11,0.0,0.0,5.59
2018-07-24,71,30.0,0.0,0.0,0.0,7.38
2018-07-26,68,33.33,0.0,0.0,0.0,4.92
2018-08-04,71,31.67,0.0,0.0,0.0,3.8
2018-08-16,68,33.33,0.0,0.0,0.0,2.91
2018-08-19,68,31.11,1.83,0.0,0.0,6.71
2018-08-24,55,27.78,0.0,0.0,0.0,4.7
2018-09-03,69,32.78,0.0,0.0,0.0,1.12
2018-09-05,71,32.78,0.0,0.0,0.0,4.03
2018-09-06,71,33.33,0.0,0.0,0.0,2.91
2018-09-07,71,33.33,0.03,0.0,0.0,2.68
2018-09-08,71,32.78,0.0,0.0,0.0,3.13
2018-09-09,67,26.67,0.15,0.0,0.0,5.37
2018-09-11,68,31.11,0.0,0.0,0.0,2.91
2018-09-15,73,25.0,1.85,0.0,0.0,15.88
2018-09-19,65,31.11,0.0,0.0,0.0,1.79
2018-09-22,67,31.11,0.0,0.0,0.0,4.47
2018-09-25,69,29.44,0.0,0.0,0.0,3.36
2018-09-30,62,27.22,0.0,0.0,0.0,4.03
2018-10-09,67,26.67,0.07,0.0,0.0,6.49
2018-10-14,49,18.33,0.0,0.0,0.0,3.58
2018-10-22,34,16.67,0.0,0.0,0.0,3.8
2018-10-23,42,18.89,0.0,0.0,0.0,4.7
2018-11-08,51,18.33,0.0,0.0,0.0,7.16
2018-11-09,50,11.67,0.07,0.0,0.0,5.37
2018-11-16,34,12.22,0.0,0.0,0.0,5.59
2018-11-20,38,17.78,0.0,0.0,0.0,5.82
2018-11-22,33,10.0,0.0,0.0,0.0,5.59
2018-11-28,25,5.56,0.0,0.0,0.0,6.71
2018-12-03,47,20.0,0.0,0.0,0.0,5.59
2018-12-08,31,6.11,0.0,0.0,0.0,4.7
2018-12-11,27,6.67,0.0,0.0,2.0,3.8
2018-12-12,24,7.22,0.0,0.0,1.2,1.34
2018-12-13,29,10.56,0.0,0.0,0.0,2.24
2018-12-23,28,13.89,0.01,0.0,0.0,5.14
2018-12-29,45,18.33,0.0,0.0,0.0,3.36
2019-01-05,44,16.11,0.01,0.0,0.0,9.62
2019-01-12,30,3.89,0.07,0.0,0.0,5.59
2019-01-14,31,5.0,0.0,0.0,0.0,3.58
2019-01-21,17,-0.56,0.0,0.0,0.0,5.82
2019-01-22,17,3.89,0.0,0.0,0.0,3.8
2019-02-02,29,15.56,0.0,0.0,0.0,3.8
2019-02-09,33,7.78,0.0,0.0,0.0,6.04
2019-02-17,34,4.44,0.24,0.0,0.0,4.47
2019-02-25,37,15.0,0.0,0.0,0.0,7.83
2019-02-26,30,17.22,0.0,0.0,0.0,3.8
2019-03-01,39,8.33,0.65,0.0,0.0,7.38
2019-03-03,42,10.0,0.81,0.0,0.0,6.93
2019-03-09,41,8.89,0.01,0.0,0.0,5.82
2019-03-11,44,18.89,0.0,0.0,0.0,2.91
2019-03-18,32,15.56,0.0,0.0,0.0,4.47
2019-03-24,32,21.67,0.0,0.0,0.0,7.61
2019-04-06,53,19.44,0.0,0.0,0.0,3.8
2019-04-16,38,20.56,0.0,0.0,0.0,5.82
2019-04-21,44,17.78,0.0,0.0,0.0,3.13
2019-05-06,60,25.0,0.0,0.0,0.0,5.82
2019-05-13,57,23.33,1.32,0.0,0.0,3.58
2019-05-15,43,22.22,0.0,0.0,0.0,3.58
2019-05-26,72,34.44,0.05,0.0,0.0,5.82
2019-05-30,65,35.56,0.0,0.0,0.0,6.93
2019-06-02,62,31.11,0.0,0.0,0.0,5.59
2019-06-08,71,26.11,0.32,0.0,0.0,9.4
2019-06-16,66,31.67,0.0,0.0,0.0,11.41
2019-06-17,72,33.89,0.0,0.0,0.0,9.84
2019-06-19,71,31.11,0.02,0.0,0.0,7.61
2019-06-21,65,29.44,0.0,0.0,0.0,7.61
2019-07-02,68,35.0,0.0,0.0,0.0,3.36
2019-07-05,70,32.78,0.31,0.0,0.0,4.7
2019-07-08,74,33.33,0.17,0.0,0.0,4.7
2019-07-10,72,32.78,0.0,0.0,0.0,5.82
2019-07-22,74,36.11,0.06,0.0,0.0,12.08
2019-07-23,64,27.78,1.16,0.0,0.0,5.14
2019-07-29,66,33.89,0.0,0.0,0.0,4.92
2019-08-03,70,30.0,0.0,0.0,0.0,3.36
2019-08-07,72,32.78,0.14,0.0,0.0,6.49
2019-08-14,73,33.89,0.12,0.0,0.0,6.71
2019-08-20,71,33.89,0.0,0.0,0.0,7.61
2019-08-24,64,22.22,0.32,0.0,0.0,6.49
2019-08-25,63,24.44,0.04,0.0,0.0,6.49
2019-09-02,70,32.22,0.0,0.0,0.0,3.8
2019-09-06,69,30.56,0.1,0.0,0.0,7.61
2019-09-09,71,30.0,0.0,0.0,0.0,2.91
2019-09-16,69,32.22,0.0,0.0,0.0,3.8
2019-09-20,50,26.11,0.0,0.0,0.0,3.36
2019-09-26,70,34.44,0.0,0.0,0.0,6.04
2019-10-16,52,18.89,0.47,0.0,0.0,5.59
2019-10-19,39,19.44,0.03,0.0,0.0,3.13
2019-10-20,56,18.33,1.57,0.0,0.0,8.05
2019-10-29,55,21.67,0.0,0.0,0.0,3.58
2019-11-07,41,21.11,0.08,0.0,0.0,4.92
2019-11-15,39,8.33,0.07,0.0,0.0,6.71
2019-11-18,41,8.33,0.24,0.0,0.0,4.7
2019-11-20,38,16.11,0.0,0.0,0.0,2.91
2019-11-22,49,18.89,0.0,0.0,0.0,8.05
2019-11-25,32,16.67,0.0,0.0,0.0,2.24
2019-11-26,34,18.33,0.0,0.0,0.0,2.91
2019-12-07,34,11.11,0.0,0.0,0.0,6.04
2019-12-15,35,16.11,0.0,0.0,0.0,4.7
2019-12-20,25,13.33,0.0,0.0,0.0,3.36
2019-12-25,32,14.44,0.0,0.0,0.0,2.46
2019-12-29,57,22.78,0.09,0.0,0.0,8.72
2019-12-30,49,24.44,0.0,0.0,0.0,14.76
2020-01-02,35,14.44,0.1,0.0,0.0,7.16
2020-01-07,30,11.11,0.07,0.0,0.0,5.14
2020-01-08,29,15.0,0.0,0.0,0.0,6.04
2020-01-15,57,21.11,0.0,0.0,0.0,4.47
2020-01-17,36,8.33,0.0,0.0,0.0,6.93
2020-01-21,24,3.33,0.0,0.0,0.0,8.05
2020-01-22,24,7.78,0.0,0.0,0.0,6.26
2020-02-01,36,7.22,0.04,0.0,0.0,4.25
2020-02-05,60,17.78,0.2,0.0,0.0,8.95
2020-02-06,60,21.11,2.35,0.0,0.0,9.4
2020-02-10,36,17.78,0.0,0.0,0.0,8.05
2020-02-12,51,17.78,0.0,0.0,0.0,6.71
2020-02-25,48,18.33,0.16,0.0,0.0,7.38
2020-03-12,51,22.78,0.0,0.0,0.0,4.92
2020-03-18,46,20.0,0.0,0.0,0.0,5.82
2020-03-19,59,27.22,0.01,0.0,0.0,10.07
2020-03-23,44,10.0,0.32,0.0,0.0,5.82
2020-03-24,50,12.78,0.27,0.0,0.0,5.37
2020-03-31,46,16.67,0.23,0.0,0.0,9.62
2020-04-05,47,22.78,0.0,0.0,0.0,4.47
2020-04-08,58,28.33,0.43,0.0,0.0,6.71
2020-04-13,61,27.22,0.39,0.0,0.0,15.43
2020-04-15,40,13.89,0.14,0.0,0.0,7.61
2020-04-22,41,21.67,0.0,0.0,0.0,4.92
2020-04-25,55,16.11,0.01,0.0,0.0,8.28
2020-05-07,40,19.44,0.0,0.0,0.0,5.59
2020-05-08,44,21.11,0.05,0.0,0.0,11.41
2020-05-10,36,21.11,0.0,0.0,0.0,8.28
2020-05-13,42,21.11,0.0,0.0,0.0,1.57
2020-05-14,58,27.22,0.0,0.0,0.0,8.05
2020-05-15,60,28.33,0.0,0.0,0.0,10.51
2020-05-16,60,31.67,0.0,0.0,0.0,6.93
2020-05-18,64,21.11,0.07,0.0,0.0,8.28
2020-05-22,62,27.78,0.05,0.0,0.0,6.26
2020-05-25,62,24.44,0.0,0.0,0.0,5.59
2020-06-01,54,25.0,0.0,0.0,0.0,4.47
2020-06-09,73,32.22,0.0,0.0,0.0,6.04
2020-06-17,61,24.44,0.1,0.0,0.0,4.03
2020-06-18,59,26.67,0.0,0.0,0.0,5.14
2020-06-28,70,32.78,0.06,0.0,0.0,6.04
2020-06-30,70,33.33,0.21,0.0,0.0,3.8
2020-07-01,69,32.22,0.0,0.0,0.0,3.58
2020-07-06,68,33.33,0.0,0.0,0.0,5.37
2020-07-08,74,31.67,0.0,0.0,0.0,7.38
2020-07-09,73,32.22,0.0,0.0,0.0,7.38
2020-07-11,70,33.33,0.02,0.0,0.0,5.14
2020-07-14,68,35.0,0.0,0.0,0.0,2.91
2020-07-16,74,34.44,0.0,0.0,0.0,5.59
2020-07-28,73,36.11,1.03,0.0,0.0,5.82
2020-08-03,71,28.89,1.01,0.0,0.0,5.59
2020-08-04,69,31.11,1.64,0.0,0.0,8.28
2020-08-10,71,31.67,0.0,0.0,0.0,4.25
2020-08-15,71,30.56,1.38,0.0,0.0,3.8
2020-08-19,66,30.56,1.07,0.0,0.0,3.58
2020-08-21,71,28.89,0.0,0.0,0.0,4.25
2020-09-02,72,33.33,0.0,0.0,0.0,4.47
2020-09-03,76,33.89,0.0,0.0,0.0,8.05
2020-09-04,73,33.33,0.0,0.0,0.0,2.91
2020-09-18,64,23.89,0.1,0.0,0.0,9.62
2020-09-26,59,22.78,0.0,0.0,0.0,2.46
2020-11-01,48,17.22,0.38,0.0,0.0,6.71
2020-11-02,35,12.22,0.0,0.0,0.0,7.38
2020-11-05,40,23.33,0.0,0.0,0.0,0.89
2020-11-11,68,25.56,0.23,0.0,0.0,8.72
2020-11-20,31,20.56,0.0,0.0,0.0,4.03
2020-11-26,55,20.0,0.02,0.0,0.0,6.49
2020-11-30,46,20.56,1.17,0.0,0.0,13.42
2020-12-06,28,12.78,0.0,0.0,0.0,2.24
2020-12-10,31,16.11,0.0,0.0,0.0,2.91
2020-12-13,50,20.56,0.07,0.0,0.0,3.8
2020-12-24,49,18.33,1.76,0.0,0.0,10.51
2021-01-09,28,10.0,0.0,0.0,0.0,2.91
2021-01-10,25,11.67,0.0,0.0,0.0,0.67
2021-01-16,33,7.78,0.0,0.0,0.0,7.61
2021-01-27,40,11.67,0.33,0.0,0.0,5.37
2021-01-31,33,3.33,1.07,0.0,0.0,5.82
2021-02-06,27,12.78,0.31,0.0,0.0,2.01
2021-02-11,37,9.44,0.83,0.0,0.0,6.26
2021-02-14,33,2.78,0.41,0.0,0.0,8.05
2021-02-17,28,8.33,0.0,0.0,0.0,7.61
2021-02-22,33,15.0,0.41,0.0,0.0,7.16
2021-02-27,40,14.44,0.15,0.0,0.0,4.7
2021-02-28,48,25.0,0.0,0.0,0.0,4.03
2021-03-01,48,20.0,0.15,0.0,0.0,10.07
2021-03-07,29,11.11,0.0,0.0,0.0,4.03
2021-03-12,54,26.67,0.0,0.0,0.0,8.72
2021-03-14,43,22.22,0.0,0.0,0.0,4.03
2021-03-18,49,22.78,0.02,0.0,0.0,5.59
2021-03-20,31,13.89,0.0,0.0,0.0,10.51
2021-03-23,50,16.67,0.0,0.0,0.0,7.16
2021-03-25,52,23.89,0.02,0.0,0.0,5.82
2021-03-28,57,24.44,0.25,0.0,0.0,13.87
2021-04-02,32,9.44,0.0,0.0,0.0,5.82
2021-04-09,60,28.33,0.07,0.0,0.0,5.82
2021-04-14,55,27.78,0.13,0.0,0.0,7.16
2021-04-18,48,21.67,0.0,0.0,0.0,2.46
2021-04-20,42,23.89,0.0,0.0,0.0,7.38
2021-04-26,42,25.0,0.0,0.0,0.0,2.68
2021-05-04,64,30.56,0.2,0.0,0.0,9.4
2021-05-08,42,23.33,0.0,0.0,0.0,4.92
2021-05-17,56,24.44,0.05,0.0,0.0,3.13
2021-05-20,53,31.11,0.0,0.0,0.0,3.13
2021-05-21,57,28.33,0.0,0.0,0.0,6.71
2021-05-23,64,33.33,0.0,0.0,0.0,2.91
2021-06-03,68,26.11,2.04,0.0,0.0,6.26
2021-06-09,71,31.67,0.0,0.0,0.0,7.83
2021-06-13,66,29.44,0.0,0.0,0.0,4.92
2021-07-05,65,32.22,0.0,0.0,0.0,2.91
2021-07-08,71,26.11,2.52,0.0,0.0,8.05
2021-07-20,66,28.89,0.0,0.0,0.0,2.01
2021-07-24,68,30.56,0.0,0.0,0.0,6.71
2021-07-26,73,33.33,0.02,0.0,0.0,7.16
2021-08-01,75,32.78,0.0,0.0,0.0,4.03
2021-08-08,65,32.78,0.0,0.0,0.0,2.68
2021-08-16,71,32.22,0.39,0.0,0.0,3.58
2021-08-20,73,30.56,0.36,0.0,0.0,2.91
2021-08-24,72,34.44,0.0,0.0,0.0,2.46
2021-08-27,72,33.89,0.0,0.0,0.0,4.7
2021-08-30,72,35.56,0.0,0.0,0.0,4.92
2021-08-31,72,34.44,0.0,0.0,0.0,6.93
2021-09-10,57,26.67,0.0,0.0,0.0,3.13
2021-09-11,56,28.33,0.0,0.0,0.0,3.58
2021-09-13,64,32.22,0.0,0.0,0.0,4.03
2021-09-15,72,31.67,0.0,0.0,0.0,6.71
2021-09-16,70,29.44,0.0,0.0,0.0,4.03
2021-09-17,72,28.33,0.01,0.0,0.0,5.59
2021-09-25,49,25.56,0.0,0.0,0.0,2.01
2021-09-30,60,27.78,0.0,0.0,0.0,3.8
2021-10-01,58,27.78,0.0,0.0,0.0,2.68
2021-10-03,62,30.56,0.0,0.0,0.0,8.72
2021-10-09,63,20.0,4.96,0.0,0.0,6.71
2021-10-11,64,22.22,0.0,0.0,0.0,6.49
2021-10-26,47,21.11,0.0,0.0,0.0,6.93
2021-11-03,44,13.33,0.0,0.0,0.0,6.04
2021-11-07,40,15.56,0.0,0.0,0.0,7.83
2021-11-30,26,15.0,0.0,0.0,0.0,6.93
2021-12-07,41,13.33,0.0,0.0,0.0,6.49
2021-12-08,32,8.89,0.14,0.0,0.0,2.01
2021-12-21,30,5.0,0.27,0.0,0.0,4.03
2021-12-25,49,22.22,0.0,0.0,0.0,13.2
2021-12-26,47,22.78,0.0,0.0,0.0,3.13
2022-01-05,30,15.0,0.0,0.0,0.0,4.9
2022-01-07,27,11.11,0.0,0.0,0.0,8.1
2022-01-15,28,4.44,0.0,0.0,0.0,5.8
2022-01-19,28,15.56,0.0,0.0,0.0,7.8
2022-01-23,17,8.33,0.0,0.0,1.0,4.0
2022-01-24,27,11.11,0.0,0.0,0.0,4.3
2022-01-25,35,16.11,0.0,0.0,0.0,2.9
2022-01-28,26,8.89,0.0,0.0,0.0,2.9
2022-01-29,25,2.22,0.05,0.39,0.0,8.7
2022-02-10,33,19.44,0.0,0.0,0.0,7.4
2022-02-24,42,13.89,0.04,0.0,0.0,
2022-02-26,40,8.89,0.02,0.0,0.0,5.8
2022-03-15,39,21.67,0.0,0.0,0.0,4.7
2022-03-24,59,22.78,0.47,0.0,0.0,11.6
2022-03-27,34,15.56,0.0,0.0,0.0,7.6
2022-04-03,46,21.11,0.0,0.0,0.0,5.8
2022-04-07,54,26.67,0.05,0.0,0.0,8.5
2022-04-09,45,13.33,0.0,0.0,0.0,6.9
2022-04-12,60,28.33,0.0,0.0,0.0,8.3
2022-04-15,54,23.89,0.03,0.0,0.0,5.4
2022-04-19,39,15.0,0.0,0.0,0.0,
2022-04-29,45,21.67,0.0,0.0,0.0,6.0
2022-05-03,65,31.67,0.0,0.0,0.0,8.7
2022-05-08,47,11.67,0.01,0.0,0.0,9.4
2022-05-12,62,21.11,0.07,0.0,0.0,10.7
2022-05-14,64,26.67,0.0,0.0,0.0,2.5
2022-05-16,64,30.56,0.01,0.0,0.0,7.4
2022-05-23,67,29.44,1.29,0.0,0.0,6.0
2022-05-25,60,20.0,0.0,0.0,0.0,7.8
2022-05-30,66,32.78,0.0,0.0,0.0,2.9
2017-01-09,9,-0.56,0.0,0.0,1.2,2.46
2017-01-11,40,13.89,0.0,0.0,0.0,6.04
2017-01-19,36,17.22,0.0,0.0,0.0,1.34
2017-01-20,46,15.0,0.09,0.0,0.0,2.91
2017-01-24,41,17.22,0.0,0.0,0.0,6.04
2017-01-26,43,21.11,0.06,0.0,0.0,13.42
2017-01-30,30,7.78,0.0,0.0,0.0,6.26
2017-02-06,31,20.0,0.0,0.0,0.0,4.7
2017-02-10,26,10.56,0.0,0.0,0.0,6.71
2017-02-12,58,28.33,0.05,0.0,0.0,11.41
2017-02-16,32,11.67,0.0,0.0,0.0,6.71
2017-03-06,34,18.33,0.0,0.0,0.0,6.71
2017-03-13,26,5.56,0.56,0.0,0.0,8.28
2017-03-15,24,4.44,0.0,0.0,0.0,10.51
2017-03-17,23,14.44,0.03,0.0,0.0,4.92
2017-03-22,39,17.78,0.0,0.0,0.0,8.28
2017-03-23,31,13.33,0.0,0.0,0.0,7.38
2017-04-01,49,23.89,0.0,0.0,0.0,6.04
2017-04-02,49,20.56,0.0,0.0,0.0,6.04
2017-04-15,61,29.44,0.0,0.0,0.0,9.62
2017-04-16,60,27.78,0.0,0.0,0.0,12.75
2017-04-17,62,30.0,0.05,0.0,0.0,9.84
2017-04-20,56,29.44,0.0,0.0,0.0,5.82
2017-04-21,63,31.67,0.21,0.0,0.0,6.93
2017-05-01,68,29.44,0.29,0.0,0.0,15.66
2017-05-11,61,28.89,0.48,0.0,0.0,4.92
2017-05-12,54,16.11,0.07,0.0,0.0,7.61
2017-05-18,66,30.0,0.0,0.0,0.0,10.96
2017-05-26,59,27.22,0.0,0.0,0.0,7.83
2017-05-30,68,27.78,0.06,0.0,0.0,4.03
2017-06-03,57,31.11,0.0,0.0,0.0,3.36
2017-06-05,67,29.44,1.54,0.0,0.0,6.04
2017-06-11,67,32.22,0.0,0.0,0.0,6.26
2017-06-16,70,31.67,2.3,0.0,0.0,4.03
2017-06-18,74,32.78,0.17,0.0,0.0,8.72
2017-06-25,67,28.89,0.0,0.0,0.0,3.58
2017-06-28,57,28.33,0.0,0.0,0.0,4.25
2017-01-03,47,13.33,0.31,0.0,0.0,5.37
2017-07-13,78,36.11,0.0,0.0,0.0,8.5
2017-01-07,20,0.0,0.6,0.5,0.0,9.62
2017-07-14,77,36.11,0.0,0.0,0.0,9.4
2017-01-10,24,8.89,0.0,0.0,1.2,5.14
2017-07-18,71,31.67,0.0,0.0,0.0,5.14
2017-01-13,50,24.44,0.01,0.0,0.0,7.38
2017-07-28,75,34.44,0.21,0.0,0.0,7.61
2017-01-15,40,13.89,0.02,0.0,0.0,5.82
2017-07-30,63,29.44,0.0,0.0,0.0,6.26
2017-01-18,45,21.11,0.0,0.0,0.0,6.49
2017-08-18,75,36.67,0.01,0.0,0.0,7.38
2017-01-21,51,12.78,0.38,0.0,0.0,3.58
2017-08-19,73,33.33,0.05,0.0,0.0,2.91
2017-01-25,36,22.78,0.0,0.0,0.0,7.61
2017-08-20,71,35.0,0.0,0.0,0.0,3.58
2017-01-28,27,11.11,0.0,0.0,0.0,9.4
2017-08-30,59,28.89,0.0,0.0,0.0,1.79
2017-02-09,32,15.56,0.11,0.0,0.0,10.96
2017-09-01,64,25.56,1.06,0.0,0.0,7.83
2017-02-18,37,22.78,0.0,0.0,0.0,7.61
2017-09-05,64,32.22,0.06,0.0,0.0,8.05
2017-02-19,44,22.78,0.0,0.0,0.0,4.7
2017-09-06,61,27.78,0.52,0.0,0.0,4.92
2017-02-20,42,22.78,0.0,0.0,0.0,1.79
2017-09-11,58,19.44,0.01,0.0,0.0,12.75
2017-02-23,50,25.0,0.0,0.0,0.0,3.36
2017-09-28,63,34.44,0.0,0.0,0.0,3.13
2017-02-28,50,25.0,0.0,0.0,0.0,7.16
2017-10-02,47,24.44,0.0,0.0,0.0,4.92
2017-03-04,25,12.22,0.0,0.0,0.0,2.46
2017-10-06,55,30.0,0.0,0.0,0.0,2.91
2017-03-07,49,23.33,0.0,0.0,0.0,13.87
2017-10-11,73,31.67,1.12,0.0,0.0,8.05
2017-03-09,37,23.89,0.0,0.0,0.0,6.04
2017-10-12,65,25.0,0.0,0.0,0.0,8.28
2017-03-10,41,20.56,0.0,0.0,0.0,10.74
2017-10-13,63,21.67,0.0,0.0,0.0,7.38
2017-03-11,31,10.0,0.0,0.0,0.0,4.47
2017-10-14,62,25.56,0.0,0.0,0.0,3.13
2017-03-26,52,25.0,0.0,0.0,0.0,6.93
2017-10-26,40,17.22,0.0,0.0,0.0,3.8
2017-03-28,60,26.67,0.06,0.0,0.0,7.61
2017-10-29,41,20.0,0.78,0.0,0.0,7.61
2017-04-08,34,19.44,0.0,0.0,0.0,3.13
2017-11-05,51,21.11,0.0,0.0,0.0,2.46
2017-04-22,56,30.56,0.09,0.0,0.0,9.4
2017-11-18,33,19.44,0.0,0.0,0.0,11.41
2017-04-23,53,13.33,0.77,0.0,0.0,11.18
2017-11-19,34,17.78,0.08,0.0,0.0,9.17
2017-04-28,69,31.11,0.0,0.0,0.0,9.17
2017-11-20,28,13.89,0.0,0.0,0.0,2.01
2017-05-03,53,26.11,0.0,0.0,0.0,5.14
2017-12-04,33,16.11,0.0,0.0,0.0,2.46
2017-05-04,57,26.67,0.29,0.0,0.0,10.74
2017-12-14,30,13.89,0.0,0.0,0.0,7.38
2017-05-06,53,19.44,0.02,0.0,0.0,10.96
2018-01-01,13,-2.22,0.0,0.0,0.0,6.49
2017-05-09,43,17.78,0.01,0.0,0.0,1.79
2018-01-07,4,-1.11,0.0,0.0,0.0,2.68
2017-05-17,66,31.67,0.0,0.0,0.0,8.95
2018-01-14,21,0.56,0.0,0.0,0.0,8.72
2017-05-21,60,24.44,0.0,0.0,0.0,7.61
2018-01-19,19,9.44,0.0,0.0,3.9,3.58
2017-06-06,64,28.33,0.0,0.0,0.0,3.8
2018-01-20,26,13.33,0.0,0.0,1.2,5.59
2017-06-08,55,22.78,0.0,0.0,0.0,7.38
2018-01-23,47,21.11,0.83,0.0,0.0,15.66
2017-06-09,53,28.33,0.0,0.0,0.0,4.03
2018-01-24,34,12.22,0.0,0.0,0.0,4.03
2017-06-13,67,31.67,0.0,0.0,0.0,8.05
2018-01-27,31,19.44,0.0,0.0,0.0,6.26
2017-06-17,72,30.0,0.21,0.0,0.0,5.82
2018-01-28,52,15.56,1.3,0.0,0.0,5.14
2017-06-22,71,28.89,0.0,0.0,0.0,8.05
2018-02-07,44,18.33,0.21,0.0,0.0,8.5
2017-06-23,73,32.78,0.04,0.0,0.0,13.65
2018-02-17,40,13.33,0.06,0.0,0.0,6.93
2017-06-27,59,28.33,0.0,0.0,0.0,3.8
2018-03-02,41,12.78,0.0,0.0,0.0,14.99
2017-07-04,71,33.33,0.84,0.0,0.0,3.8
2018-03-03,35,13.89,0.0,0.0,0.0,8.72
2017-07-15,75,34.44,0.0,0.0,0.0,5.82
2018-03-12,32,3.33,0.92,1.4,0.0,7.16
2017-07-23,71,38.89,0.56,0.0,0.0,8.95
2018-03-20,36,13.89,1.05,0.0,0.0,8.72
2017-07-27,72,34.44,0.02,0.0,0.0,7.61
2018-04-01,41,23.89,0.0,0.0,0.0,7.61
2017-08-08,68,25.56,1.5,0.0,0.0,5.82
2018-04-04,48,25.0,0.0,0.0,0.0,13.87
2017-08-10,63,31.11,0.0,0.0,0.0,4.03
2018-04-10,39,16.67,0.0,0.0,0.0,5.37
2017-08-16,74,33.33,0.0,0.0,0.0,4.03
2018-04-11,38,16.67,0.0,0.0,0.0,5.37
2017-08-17,75,34.44,0.24,0.0,0.0,4.92
2018-04-13,52,26.67,0.0,0.0,0.0,14.32
2017-08-22,74,35.56,0.0,0.0,0.0,7.61
2018-04-15,61,27.78,3.31,0.0,0.0,12.53
2017-08-25,68,29.44,0.0,0.0,0.0,5.14
2018-04-21,37,20.0,0.0,0.0,0.0,4.47
2017-09-03,62,28.33,0.0,0.0,0.0,4.25
2018-04-26,48,23.89,0.18,0.0,0.0,3.36
2017-09-14,64,28.33,0.0,0.0,0.0,6.04
2018-04-27,54,22.78,0.01,0.0,0.0,4.92
2017-09-15,63,29.44,0.0,0.0,0.0,1.79
2018-05-01,45,28.33,0.0,0.0,0.0,4.47
2017-09-16,62,29.44,0.0,0.0,0.0,3.8
2018-05-13,66,33.89,0.0,0.0,0.0,6.04
2017-09-17,63,29.44,0.0,0.0,0.0,5.59
2018-05-14,68,33.89,0.0,0.0,0.0,8.05
2017-09-21,65,31.11,0.0,0.0,0.0,1.79
2018-05-18,71,27.78,0.23,0.0,0.0,8.28
2017-09-23,61,30.56,0.0,0.0,0.0,4.47
2018-05-25,65,30.0,0.0,0.0,0.0,5.82
2017-09-24,63,30.56,0.0,0.0,0.0,5.59
2018-05-26,68,30.56,0.33,0.0,0.0,8.5
2017-09-29,60,22.22,0.0,0.0,0.0,6.04
2018-06-07,62,29.44,0.0,0.0,0.0,4.92
2017-09-30,54,25.0,0.0,0.0,0.0,7.83
2018-06-12,63,21.11,0.01,0.0,0.0,6.26
2017-10-04,50,27.78,0.0,0.0,0.0,2.24
2018-06-16,65,32.22,0.0,0.0,0.0,4.47
2017-10-05,54,29.44,0.0,0.0,0.0,3.13
2018-06-18,74,34.44,0.0,0.0,0.0,4.92
2017-10-08,74,28.89,0.02,0.0,0.0,8.28
2018-06-20,73,34.44,0.0,0.0,0.0,4.47
2017-10-09,74,33.33,0.09,0.0,0.0,11.86
2018-06-24,73,35.56,0.07,0.0,0.0,7.61
2017-10-10,75,32.22,0.0,0.0,0.0,6.71
2018-06-26,66,23.33,0.74,0.0,0.0,6.93
2017-10-17,42,17.78,0.0,0.0,0.0,5.14
2018-07-06,71,33.89,0.34,0.0,0.0,3.8
2017-10-18,37,20.0,0.0,0.0,0.0,2.68
2018-07-08,62,27.78,0.0,0.0,0.0,8.05
2017-10-19,42,24.44,0.0,0.0,0.0,1.12
2018-07-10,59,32.78,0.0,0.0,0.0,2.46
2017-11-03,52,27.22,0.0,0.0,0.0,2.01
2018-07-16,74,35.0,0.0,0.0,0.0,8.05
2017-11-11,28,7.78,0.0,0.0,0.0,5.14
2018-07-18,72,31.67,0.0,0.0,0.0,6.71
2017-11-16,36,19.44,0.0,0.0,0.0,3.13
2018-07-19,63,32.22,0.0,0.0,0.0,7.16
2017-11-25,29,19.44,0.0,0.0,0.0,4.92
2018-07-21,69,31.11,0.01,0.0,0.0,6.71
2017-11-28,29,18.33,0.0,0.0,0.0,2.24
2018-07-23,70,31.11,0.02,0.0,0.0,6.26
2017-12-02,45,10.56,0.0,0.0,0.0,2.91
2018-07-25,69,27.78,0.27,0.0,0.0,3.8
2017-12-05,41,20.56,0.0,0.0,0.0,4.7
2018-08-01,73,32.22,0.02,0.0,0.0,9.17
2017-12-06,41,13.89,0.24,0.0,0.0,4.7
2018-08-07,71,33.89,0.2,0.0,0.0,6.71
2017-12-08,32,6.11,1.33,0.3,0.0,5.82
2018-08-09,69,32.22,0.0,0.0,0.0,4.7
2017-12-10,27,6.11,0.0,0.0,0.0,5.82
2018-08-10,69,32.78,0.0,0.0,0.0,2.01
2017-12-17,27,10.56,0.0,0.0,0.0,2.24
2018-08-13,67,29.44,0.08,0.0,0.0,3.58
2018-01-03,9,0.0,0.06,0.9,0.0,4.25
2018-08-20,68,30.56,0.86,0.0,0.0,4.47
2018-01-08,16,8.33,0.0,0.0,0.0,5.37
2018-08-27,69,33.89,0.0,0.0,0.0,4.03
2018-01-11,41,17.78,0.11,0.0,0.0,6.71
2018-08-31,69,33.33,0.27,0.0,0.0,3.8
2018-01-12,56,21.67,0.5,0.0,0.0,11.41
2018-09-10,67,31.11,0.26,0.0,0.0,4.47
2018-01-25,26,9.44,0.0,0.0,0.0,3.13
2018-09-28,65,26.11,0.02,0.0,0.0,4.92
2018-01-26,25,13.89,0.0,0.0,0.0,4.25
2018-10-01,60,27.78,0.0,0.0,0.0,2.01
2018-02-02,24,13.89,0.16,0.0,0.0,7.83
2018-10-03,64,30.0,0.0,0.0,0.0,2.68
2018-02-05,29,8.89,0.0,0.0,0.0,4.03
2018-10-04,66,31.67,0.0,0.0,0.0,2.68
2018-02-10,43,18.33,0.08,0.0,0.0,4.47
2018-10-07,66,30.56,0.0,0.0,0.0,2.91
2018-02-11,64,22.22,0.0,0.0,0.0,14.99
2018-10-08,69,29.44,0.0,0.0,0.0,6.26
2018-02-14,37,14.44,0.0,0.0,0.0,6.49
2018-10-11,63,26.11,2.6,0.0,0.0,11.63
2018-02-18,39,16.11,0.02,0.0,0.0,5.14
2018-10-13,48,21.11,0.0,0.0,0.0,3.36
2018-02-23,52,21.11,0.0,0.0,0.0,4.92
2018-10-15,59,26.67,0.0,0.0,0.0,5.59
2018-02-24,57,25.56,0.0,0.0,0.0,11.18
2018-10-17,53,21.67,0.0,0.0,0.0,3.58
2018-02-26,40,17.22,0.09,0.0,0.0,4.25
2018-10-18,43,16.67,0.0,0.0,0.0,4.47
2018-02-27,35,16.11,0.0,0.0,0.0,2.24
2018-10-25,36,12.78,0.0,0.0,0.0,1.34
2018-03-04,35,13.33,0.0,0.0,0.0,6.93
2018-11-05,54,16.67,0.82,0.0,0.0,3.8
2018-03-05,26,12.22,0.0,0.0,0.0,4.7
2018-11-06,57,23.33,0.03,0.0,0.0,7.38
2018-03-07,35,12.22,0.0,0.0,0.0,6.71
2018-11-10,34,11.11,0.0,0.0,0.0,6.26
2018-03-08,27,8.33,0.0,0.0,0.0,4.47
2018-11-24,36,7.22,0.72,0.0,0.0,5.14
2018-03-09,25,11.11,0.0,0.0,0.0,6.04
2018-11-29,25,10.56,0.0,0.0,0.0,3.13
2018-03-10,38,13.33,0.0,0.0,0.0,3.13
2018-12-02,58,21.67,0.0,0.0,0.0,10.96
2018-03-11,38,9.44,0.21,0.0,0.0,7.83
2018-12-10,30,1.11,0.73,1.9,1.2,7.61
2018-03-23,27,13.33,0.0,0.0,0.0,3.8
2018-12-17,36,16.11,0.0,0.0,0.0,5.82
2018-03-27,34,9.44,0.01,0.0,0.0,5.37
2018-12-20,45,18.89,0.68,0.0,0.0,8.72
2018-03-29,56,26.67,0.0,0.0,0.0,13.87
2018-12-22,34,11.67,0.0,0.0,0.0,6.71
2018-04-03,45,23.89,0.0,0.0,0.0,7.61
2018-12-30,45,15.0,0.01,0.0,0.0,2.91
2018-04-06,45,22.78,0.0,0.0,0.0,11.41
2019-01-07,40,10.56,0.0,0.0,0.0,6.93
2018-04-14,59,27.22,0.0,0.0,0.0,13.87
2019-01-25,27,8.33,0.0,0.0,0.0,3.58
2018-04-18,42,27.78,0.0,0.0,0.0,9.62
2019-02-04,37,20.0,0.0,0.0,0.0,2.68
2018-04-24,53,18.33,0.85,0.0,0.0,12.3
2019-02-10,27,6.11,0.0,0.0,0.0,3.8
2018-05-02,53,29.44,0.0,0.0,0.0,10.07
2019-02-16,34,14.44,0.45,0.0,0.0,8.05
2018-05-04,60,29.44,0.0,0.0,0.0,12.97
2019-02-18,38,17.22,0.42,0.0,0.0,6.71
2018-05-06,62,29.44,0.16,0.0,0.0,3.58
2019-02-19,33,7.22,0.25,0.0,0.0,5.37
2018-05-07,55,23.33,0.0,0.0,0.0,7.61
2019-02-21,35,15.0,0.14,0.0,0.0,4.25
2018-05-17,69,25.0,0.69,0.0,0.0,7.16
2019-02-24,41,18.33,0.05,0.0,0.0,8.72
2018-05-23,69,30.56,0.0,0.0,0.0,6.93
2019-03-02,37,15.0,0.0,0.0,0.0,4.25
2018-06-01,69,33.33,0.0,0.0,0.0,5.59
2019-03-16,40,15.0,0.0,0.0,0.0,4.92
2018-06-08,65,31.67,0.0,0.0,0.0,4.47
2019-03-19,33,12.78,0.0,0.0,0.0,6.26
2018-06-11,64,29.44,0.31,0.0,0.0,8.72
2019-03-21,44,15.0,0.58,0.0,0.0,6.26
2018-06-21,72,33.33,0.12,0.0,0.0,3.58
2019-03-26,39,13.33,0.06,0.0,0.0,10.07
2018-06-25,72,31.11,0.02,0.0,0.0,4.25
2019-04-02,31,4.44,0.35,0.0,0.0,5.82
2018-06-30,71,34.44,0.02,0.0,0.0,4.92
2019-04-13,64,21.11,0.93,0.0,0.0,5.59
2018-07-05,72,35.0,0.03,0.0,0.0,4.92
2019-04-14,66,26.11,0.28,0.0,0.0,11.86
2018-07-14,65,31.67,0.0,0.0,0.0,4.03
2019-04-17,48,26.67,0.0,0.0,0.0,6.71
2018-07-17,72,36.67,0.1,0.0,0.0,8.5
2019-04-20,49,18.89,0.02,0.0,0.0,12.53
2018-07-20,69,30.0,0.0,0.0,0.0,9.4
2019-05-01,63,28.89,0.0,0.0,0.0,8.05
2018-07-27,73,35.0,0.0,0.0,0.0,6.93
2019-05-05,63,25.0,0.36,0.0,0.0,6.71
2018-08-03,70,25.0,1.12,0.0,0.0,5.82
2019-05-07,58,26.11,0.0,0.0,0.0,4.47
2018-08-08,69,34.44,0.46,0.0,0.0,6.49
2019-05-09,63,28.33,0.0,0.0,0.0,8.05
2018-08-14,65,30.0,0.12,0.0,0.0,2.46
2019-05-12,65,24.44,0.0,0.0,0.0,11.63
2018-08-15,68,32.22,0.0,0.0,0.0,2.24
2019-05-27,68,31.67,0.0,0.0,0.0,3.13
2018-08-18,73,31.11,0.49,0.0,0.0,9.84
2019-06-04,57,28.89,0.0,0.0,0.0,6.93
2018-08-22,70,31.11,0.01,0.0,0.0,6.71
2019-06-09,70,26.67,0.09,0.0,0.0,6.93
2018-09-02,69,32.22,0.0,0.0,0.0,2.24
2019-06-10,72,30.56,0.14,0.0,0.0,6.49
2018-09-04,72,33.33,0.01,0.0,0.0,2.91
2019-06-22,63,28.89,0.01,0.0,0.0,4.03
2018-09-16,73,24.44,0.9,0.0,0.0,14.99
2019-06-25,70,32.22,0.0,0.0,0.0,5.14
2018-09-18,71,29.44,0.0,0.0,0.0,6.93
2019-07-12,73,33.33,0.08,0.0,0.0,8.05
2018-10-16,64,23.89,0.01,0.0,0.0,4.92
2019-07-13,73,35.0,0.0,0.0,0.0,4.92
2018-10-20,54,19.44,0.21,0.0,0.0,8.05
2019-07-16,71,35.56,0.0,0.0,0.0,3.36
2018-10-21,37,14.44,0.0,0.0,0.0,5.59
2019-07-18,74,35.56,0.02,0.0,0.0,7.61
2018-10-26,42,11.11,1.58,0.0,0.0,8.05
2019-08-05,68,29.44,0.22,0.0,0.0,2.68
2018-10-29,39,18.33,0.0,0.0,0.0,5.14
2019-08-15,72,32.22,0.0,0.0,0.0,3.8
2018-10-30,35,18.33,0.0,0.0,0.0,1.12
2019-08-30,57,32.22,0.0,0.0,0.0,3.13
2018-11-12,35,8.89,3.17,0.0,0.0,5.14
2019-08-31,62,31.67,0.0,0.0,0.0,2.91
2018-11-13,44,10.56,1.19,0.0,0.0,2.91
2019-09-03,68,32.78,0.0,0.0,0.0,3.13
2018-11-15,36,6.11,0.88,0.0,0.0,10.29
2019-09-05,70,26.11,0.93,0.0,0.0,11.86
2018-11-18,37,15.0,0.0,0.0,0.0,1.57
2019-09-08,66,31.67,0.0,0.0,0.0,4.03
2018-11-19,43,18.33,0.0,0.0,0.0,3.36
2019-09-21,55,31.11,0.0,0.0,0.0,5.14
2018-11-23,27,7.22,0.0,0.0,0.0,7.83
2019-09-24,64,31.67,0.0,0.0,0.0,3.8
2018-11-26,39,17.22,0.01,0.0,0.0,9.84
2019-09-25,63,30.56,0.0,0.0,0.0,6.04
2018-12-04,41,11.67,0.0,0.0,0.0,4.03
2019-09-28,71,34.44,0.0,0.0,0.0,7.61
2018-12-06,25,7.78,0.0,0.0,0.0,3.8
2019-10-05,58,20.0,0.0,0.0,0.0,8.72
2018-12-18,34,11.67,0.0,0.0,0.0,2.01
2019-10-06,57,27.78,0.0,0.0,0.0,4.47
2018-12-28,50,20.0,1.61,0.0,0.0,9.84
2019-10-21,50,23.33,0.0,0.0,0.0,4.47
2019-01-02,47,12.22,0.01,0.0,0.0,5.14
2019-10-23,44,20.56,0.0,0.0,0.0,2.24
2019-01-04,46,15.56,0.54,0.0,0.0,7.16
2019-10-25,52,23.89,0.0,0.0,0.0,1.12
2019-01-09,37,13.89,0.0,0.0,0.0,9.4
2019-10-26,53,26.11,0.0,0.0,0.0,6.04
2019-01-20,26,15.0,0.61,0.0,0.0,12.3
2019-11-02,36,16.67,0.0,0.0,0.0,1.12
2019-01-26,22,10.56,0.0,0.0,0.0,2.46
2019-11-04,33,17.78,0.0,0.0,0.0,2.24
2019-01-27,26,11.67,0.0,0.0,0.0,2.91
2019-11-08,33,14.44,0.1,0.0,0.0,7.61
2019-01-30,21,6.67,0.0,0.0,0.0,8.28
2019-11-09,27,11.11,0.0,0.0,0.0,2.68
2019-02-01,27,14.44,0.0,0.0,0.0,5.37
2019-11-10,29,18.33,0.0,0.0,0.0,5.82
2019-02-05,38,24.44,0.0,0.0,0.0,1.57
2019-11-12,29,13.33,0.94,0.0,0.0,6.71
2019-02-07,60,26.11,0.0,0.0,0.0,12.75
2019-11-21,31,15.0,0.0,0.0,0.0,3.58
2019-02-12,41,8.89,0.17,0.0,0.0,5.37
2019-11-28,41,15.0,0.0,0.0,0.0,7.16
2019-02-13,39,13.89,0.0,0.0,0.0,10.07
2019-11-29,33,13.33,0.0,0.0,0.0,1.12
2019-02-14,29,17.78,0.0,0.0,0.0,4.7
2019-12-02,38,10.0,0.0,0.0,0.0,7.83
2019-02-15,49,19.44,0.0,0.0,0.0,10.51
2019-12-03,35,10.56,0.0,0.0,0.0,5.14
2019-02-20,32,2.78,0.39,0.0,0.0,7.61
2019-12-04,33,13.89,0.0,0.0,0.0,4.7
2019-03-06,27,5.56,0.0,0.0,0.0,5.59
2019-12-21,30,9.44,0.0,0.0,0.0,2.01
2019-03-15,58,23.33,0.31,0.0,0.0,13.42
2020-01-03,46,14.44,1.53,0.0,0.0,3.58
2019-03-23,35,16.67,0.0,0.0,0.0,6.04
2020-01-05,37,10.56,0.0,0.0,0.0,7.61
2019-03-29,45,23.33,0.0,0.0,0.0,8.28
2020-01-16,46,17.78,0.0,0.0,0.0,7.83
2019-04-01,34,11.67,0.0,0.0,0.0,5.82
2020-01-19,32,13.33,0.01,0.0,0.0,9.17
2019-04-04,48,23.89,0.0,0.0,0.0,5.14
2020-01-23,25,9.44,0.0,0.0,0.0,4.7
2019-04-05,54,15.56,0.54,0.0,0.0,6.93
2020-01-27,31,12.22,0.12,0.0,0.0,2.68
2019-04-07,52,21.67,0.0,0.0,0.0,5.14
2020-01-28,34,11.67,0.0,0.0,0.0,2.24
2019-04-18,61,26.67,0.0,0.0,0.0,11.41
2020-01-31,28,8.33,0.6,0.0,0.0,4.47
2019-04-19,64,22.78,1.31,0.0,0.0,14.54
2020-02-09,31,12.22,0.0,0.0,0.0,4.7
2019-04-24,58,28.89,0.0,0.0,0.0,4.92
2020-02-13,50,20.56,0.57,0.0,0.0,11.41
2019-04-25,59,27.78,0.0,0.0,0.0,5.14
2020-02-16,31,12.78,0.05,0.0,0.0,3.58
2019-04-26,51,25.0,0.21,0.0,0.0,12.97
2020-02-24,46,12.22,0.18,0.0,0.0,6.93
2019-04-28,56,27.78,0.0,0.0,0.0,9.4
2020-02-27,36,10.0,0.0,0.0,0.0,9.4
2019-05-02,63,29.44,0.0,0.0,0.0,9.17
2020-03-04,47,15.56,0.0,0.0,0.0,5.82
2019-05-23,64,28.89,0.0,0.0,0.0,8.05
2020-03-07,34,12.22,0.0,0.0,0.0,5.82
2019-05-24,68,33.89,0.0,0.0,0.0,5.82
2020-03-13,63,23.89,0.07,0.0,0.0,8.95
2019-05-25,71,33.33,0.0,0.0,0.0,6.71
2020-03-16,42,15.0,0.0,0.0,0.0,4.47
2019-05-31,64,32.78,0.67,0.0,0.0,2.46
2020-03-21,50,22.78,0.07,0.0,0.0,6.26
2019-06-01,61,28.89,0.0,0.0,0.0,2.91
2020-03-28,62,31.67,0.0,0.0,0.0,7.16
2019-06-05,68,31.11,0.29,0.0,0.0,10.51
2020-04-01,44,15.0,0.0,0.0,0.0,6.04
2019-06-07,71,25.56,0.53,0.0,0.0,4.7
2020-04-02,41,18.89,0.0,0.0,0.0,5.37
2019-06-20,69,33.89,0.3,0.0,0.0,10.74
2020-04-03,41,22.22,0.0,0.0,0.0,5.14
2019-06-23,67,27.22,0.0,0.0,0.0,4.03
2020-04-07,51,28.89,0.0,0.0,0.0,6.04
2019-06-24,64,35.0,0.0,0.0,0.0,7.38
2020-04-11,32,19.44,0.0,0.0,0.0,4.47
2019-07-01,72,32.22,0.0,0.0,0.0,5.14
2020-04-17,35,22.78,0.0,0.0,0.0,10.51
2019-07-04,72,35.56,1.0,0.0,0.0,3.58
2020-04-26,51,23.33,0.26,0.0,0.0,7.16
2019-07-09,73,29.44,0.0,0.0,0.0,6.26
2020-04-27,44,20.56,0.0,0.0,0.0,6.26
2019-07-26,65,30.56,0.0,0.0,0.0,3.8
2020-04-30,55,20.56,1.67,0.0,0.0,8.72
2019-07-27,63,31.11,0.0,0.0,0.0,1.12
2020-05-06,49,22.22,0.0,0.0,0.0,6.93
2019-07-28,63,32.22,0.0,0.0,0.0,2.68
2020-05-09,39,17.22,0.0,0.0,0.0,5.14
2019-08-01,67,32.78,0.87,0.0,0.0,4.47
2020-05-11,46,19.44,0.0,0.0,0.0,8.5
2019-08-04,68,31.67,0.16,0.0,0.0,1.79
2020-05-12,38,18.33,0.0,0.0,0.0,3.8
2019-08-06,65,32.22,0.16,0.0,0.0,4.92
2020-05-26,66,26.11,0.0,0.0,0.0,6.93
2019-08-08,68,32.78,0.12,0.0,0.0,3.36
2020-05-31,57,25.0,0.0,0.0,0.0,6.71
2019-08-09,67,33.89,0.0,0.0,0.0,3.13
2020-06-02,55,29.44,0.0,0.0,0.0,11.18
2019-08-11,69,31.11,0.0,0.0,0.0,6.49
2020-06-04,71,33.33,0.0,0.0,0.0,10.29
2019-08-12,68,32.22,0.0,0.0,0.0,4.47
2020-06-07,69,31.11,0.0,0.0,0.0,5.37
2019-08-21,71,32.78,0.12,0.0,0.0,11.18
2020-06-13,63,28.33,0.0,0.0,0.0,7.16
2019-08-23,71,33.33,0.28,0.0,0.0,6.93
2020-06-15,58,18.33,0.77,0.0,0.0,9.84
2019-08-27,65,27.22,0.01,0.0,0.0,3.36
2020-06-16,59,16.67,0.52,0.0,0.0,11.18
2019-08-29,61,30.0,0.0,0.0,0.0,2.91
2020-06-26,63,31.67,0.0,0.0,0.0,2.91
2019-09-04,70,31.11,0.0,0.0,0.0,3.58
2020-07-03,66,34.44,0.0,0.0,0.0,2.24
2019-09-14,69,28.33,0.0,0.0,0.0,3.8
2020-07-04,68,34.44,0.07,0.0,0.0,3.36
2019-09-19,54,23.89,0.0,0.0,0.0,6.93
2020-07-10,71,35.0,0.25,0.0,0.0,4.7
2019-09-23,62,32.78,0.0,0.0,0.0,7.61
2020-07-13,68,33.33,0.08,0.0,0.0,4.47
2019-09-29,69,35.0,0.0,0.0,0.0,5.37
2020-07-22,73,35.56,0.0,0.0,0.0,8.95
2019-10-01,67,31.67,0.0,0.0,0.0,3.58
2020-07-30,72,31.67,0.0,0.0,0.0,7.16
2019-10-02,69,35.56,0.0,0.0,0.0,4.92
2020-08-06,72,30.56,0.06,0.0,0.0,2.91
2019-10-04,68,34.44,0.0,0.0,0.0,8.5
2020-08-07,72,31.67,0.01,0.0,0.0,4.7
2019-10-08,59,21.67,0.01,0.0,0.0,8.5
2020-08-08,71,32.22,0.0,0.0,0.0,3.8
2019-10-09,56,22.22,0.0,0.0,0.0,6.49
2020-08-12,72,32.78,0.0,0.0,0.0,4.7
2019-10-11,50,26.67,0.0,0.0,0.0,2.91
2020-08-14,72,31.67,0.63,0.0,0.0,3.58
2019-10-13,59,23.89,0.39,0.0,0.0,2.91
2020-08-16,67,26.11,0.02,0.0,0.0,4.25
2019-10-14,50,25.56,0.0,0.0,0.0,3.36
2020-08-17,64,30.0,0.11,0.0,0.0,2.46
2019-10-15,46,25.0,0.0,0.0,0.0,2.24
2020-08-20,68,29.44,0.0,0.0,0.0,5.37
2019-10-28,53,23.89,0.0,0.0,0.0,5.37
2020-08-24,74,30.0,0.0,0.0,0.0,7.38
2019-10-31,55,29.44,0.23,0.0,0.0,14.09
2020-08-26,71,31.67,0.0,0.0,0.0,3.58
2019-11-01,39,15.0,0.0,0.0,0.0,4.47
2020-09-05,61,27.22,0.0,0.0,0.0,6.26
2019-11-03,36,15.56,0.0,0.0,0.0,2.24
2020-09-08,62,28.89,0.03,0.0,0.0,5.59
2019-11-06,48,18.33,0.0,0.0,0.0,5.82
2020-09-10,74,31.11,0.0,0.0,0.0,3.13
2019-11-11,41,21.11,0.0,0.0,0.0,8.5
2020-09-15,59,23.89,0.0,0.0,0.0,8.72
2019-11-14,24,8.89,0.26,0.0,0.0,2.24
2020-09-29,59,29.44,0.68,0.0,0.0,7.61
2019-11-17,40,11.67,0.0,0.0,0.0,10.96
2020-10-04,48,20.0,0.0,0.0,0.0,3.8
2019-11-19,41,13.33,0.0,0.0,0.0,2.01
2020-10-08,58,28.33,0.0,0.0,0.0,2.46
2019-11-24,38,16.11,0.31,0.0,0.0,7.61
2020-10-09,56,22.22,0.0,0.0,0.0,5.14
2019-11-27,49,17.78,0.2,0.0,0.0,8.28
2020-10-17,46,17.78,0.0,0.0,0.0,4.92
2019-12-01,46,18.89,0.46,0.0,0.0,7.16
2020-10-28,57,22.22,0.05,0.0,0.0,4.03
2019-12-08,26,11.11,0.11,0.0,0.0,3.58
2020-10-31,44,15.56,0.0,0.0,0.0,5.82
2019-12-14,43,12.78,0.09,0.0,0.0,6.71
2020-11-04,37,21.11,0.0,0.0,0.0,1.34
2019-12-24,42,18.33,0.0,0.0,0.0,6.71
2020-11-23,40,17.22,0.01,0.0,0.0,4.92
2020-01-06,30,15.56,0.0,0.0,0.0,3.13
2020-11-27,49,19.44,0.0,0.0,0.0,2.46
2020-01-10,41,18.33,0.0,0.0,0.0,4.47
2020-11-29,36,17.22,0.54,0.0,0.0,3.58
2020-01-14,59,20.56,0.34,0.0,0.0,5.37
2020-12-21,42,12.78,0.0,0.0,0.0,6.93
2020-01-18,36,9.44,0.14,0.0,0.0,6.49
2020-12-25,26,13.89,0.05,0.0,0.0,10.51
2020-02-07,35,16.11,0.26,0.0,0.0,15.88
2020-12-27,24,10.56,0.0,0.0,0.0,2.24
2020-02-14,34,11.11,0.0,0.0,0.0,6.26
2020-12-29,32,10.56,0.0,0.0,0.0,5.14
2020-02-15,26,7.22,0.0,0.0,0.0,5.59
2020-12-30,26,7.78,0.06,0.0,0.0,1.79
2020-02-18,38,16.11,0.07,0.0,0.0,4.92
2021-01-01,41,12.78,0.65,0.0,0.0,7.83
2020-02-19,37,13.89,0.16,0.0,0.0,5.59
2021-01-02,42,13.89,0.6,0.0,0.0,3.13
2020-02-23,30,17.22,0.0,0.0,0.0,5.59
2021-01-07,27,9.44,0.0,0.0,0.0,2.91
2020-03-02,41,20.56,0.0,0.0,0.0,12.75
2021-01-08,35,4.44,0.35,0.0,0.0,5.59
2020-03-03,53,17.22,0.21,0.0,0.0,10.74
2021-01-12,34,13.33,0.09,0.0,0.0,1.79
2020-03-05,45,13.33,0.05,0.0,0.0,4.92
2021-01-19,27,13.89,0.0,0.0,0.0,6.04
2020-03-10,57,21.11,0.01,0.0,0.0,12.08
2021-01-23,25,8.89,0.0,0.0,0.0,4.03
2020-03-11,54,24.44,0.0,0.0,0.0,4.7
2021-01-25,39,7.78,0.37,0.0,0.0,3.8
2020-03-15,48,15.56,0.0,0.0,0.0,9.62
2021-02-02,33,7.22,0.0,0.0,0.0,9.4
2020-03-20,66,30.0,0.0,0.0,0.0,13.87
2021-02-04,23,11.67,0.0,0.0,0.0,5.14
2020-03-29,69,31.11,0.0,0.0,0.0,12.97
2021-02-15,35,6.11,0.63,0.0,0.0,6.26
2020-04-04,39,21.67,0.0,0.0,0.0,3.8
2021-02-19,32,6.67,0.42,0.0,0.0,4.7
2020-04-12,47,24.44,0.01,0.0,0.0,10.96
2021-03-05,34,11.11,0.0,0.0,0.0,4.7
2020-04-16,34,19.44,0.0,0.0,0.0,3.8
2021-03-06,33,12.78,0.0,0.0,0.0,2.68
2020-04-21,48,25.0,0.0,0.0,0.0,9.62
2021-03-09,33,22.22,0.0,0.0,0.0,3.36
2020-04-28,42,25.0,0.0,0.0,0.0,4.92
2021-03-16,35,7.22,0.37,0.0,0.0,4.92
2020-05-01,53,18.89,0.02,0.0,0.0,7.16
2021-03-27,55,25.0,0.91,0.0,0.0,4.25
2020-05-02,43,23.89,0.0,0.0,0.0,3.8
2021-03-30,40,23.33,0.0,0.0,0.0,7.38
2020-05-04,57,26.67,0.0,0.0,0.0,6.04
2021-04-13,49,24.44,0.0,0.0,0.0,4.03
2020-05-19,54,17.78,0.79,0.0,0.0,12.53
2021-04-17,43,18.33,0.0,0.0,0.0,0.89
2020-05-29,69,27.22,0.78,0.0,0.0,6.71
2021-04-22,32,16.11,0.0,0.0,0.0,5.82
2020-06-08,71,31.11,0.0,0.0,0.0,5.82
2021-05-03,66,26.11,0.2,0.0,0.0,11.86
2020-06-11,71,31.11,0.11,0.0,0.0,9.62
2021-05-07,43,17.78,0.33,0.0,0.0,2.91
2020-06-20,64,28.89,0.0,0.0,0.0,3.13
2021-05-25,65,29.44,0.0,0.0,0.0,4.7
2020-06-23,72,31.67,0.0,0.0,0.0,12.08
2021-05-31,51,23.89,0.0,0.0,0.0,1.34
2020-06-25,71,30.0,0.0,0.0,0.0,7.16
2021-06-04,71,29.44,0.02,0.0,0.0,5.82
2020-07-05,70,33.33,0.4,0.0,0.0,4.25
2021-06-07,72,31.67,0.0,0.0,0.0,8.28
2020-07-07,71,30.56,0.0,0.0,0.0,5.14
2021-06-12,70,26.67,0.03,0.0,0.0,7.38
2020-07-18,72,34.44,0.0,0.0,0.0,4.47
2021-06-17,58,27.78,0.0,0.0,0.0,3.58
2020-07-20,76,36.11,0.0,0.0,0.0,7.61
2021-06-18,56,31.11,0.0,0.0,0.0,5.37
2020-07-21,74,36.11,0.0,0.0,0.0,9.17
2021-06-19,71,33.33,0.0,0.0,0.0,11.63
2020-07-26,73,35.0,0.0,0.0,0.0,7.61
2021-06-21,72,32.78,0.0,0.0,0.0,9.4
2020-07-31,77,33.33,0.0,0.0,0.0,8.95
2021-06-23,59,26.11,0.0,0.0,0.0,5.59
2020-08-02,75,34.44,0.0,0.0,0.0,11.41
2021-06-24,57,26.11,0.0,0.0,0.0,6.93
2020-08-09,70,33.33,0.02,0.0,0.0,3.36
2021-06-26,70,30.0,0.03,0.0,0.0,4.7
2020-08-11,71,32.22,0.0,0.0,0.0,4.7
2021-06-29,71,32.78,0.0,0.0,0.0,5.59
2020-08-18,65,30.56,0.0,0.0,0.0,1.79
2021-07-04,60,28.89,0.0,0.0,0.0,2.24
2020-08-25,73,32.78,0.0,0.0,0.0,7.61
2021-07-13,73,32.22,0.0,0.0,0.0,9.4
2020-08-28,76,33.33,0.0,0.0,0.0,9.62
2021-07-21,71,31.67,0.0,0.0,0.0,4.25
2020-08-30,69,31.11,0.0,0.0,0.0,2.68
2021-07-22,70,30.0,0.0,0.0,0.0,4.92
2020-08-31,74,32.22,2.3,0.0,0.0,8.28
2021-07-23,66,30.56,0.0,0.0,0.0,4.25
2020-09-07,57,28.33,0.0,0.0,0.0,2.91
2021-08-03,66,23.89,0.11,0.0,0.0,7.16
2020-09-16,56,26.11,0.0,0.0,0.0,6.71
2021-08-19,73,34.44,0.44,0.0,0.0,3.8
2020-09-17,68,22.78,2.08,0.0,0.0,8.28
2021-08-23,68,33.33,0.0,0.0,0.0,2.01
2020-09-21,48,20.0,0.0,0.0,0.0,7.16
2021-08-25,72,35.0,0.0,0.0,0.0,2.24
2020-09-27,58,26.11,0.0,0.0,0.0,2.01
2021-08-28,73,35.0,0.0,0.0,0.0,4.92
2020-10-01,53,27.22,0.0,0.0,0.0,3.8
2021-09-03,54,28.33,0.0,0.0,0.0,3.13
2020-10-02,49,21.67,0.0,0.0,0.0,5.37
2021-09-08,72,33.89,0.0,0.0,0.0,7.61
2020-10-05,47,23.33,0.0,0.0,0.0,2.91
2021-09-09,63,23.89,1.6,0.0,0.0,5.14
2020-10-06,48,25.56,0.0,0.0,0.0,2.46
2021-09-12,62,30.56,0.0,0.0,0.0,6.26
2020-10-11,64,20.0,0.79,0.0,0.0,8.28
2021-09-19,66,32.22,0.0,0.0,0.0,4.47
2020-10-12,64,22.78,0.0,0.0,0.0,2.91
2021-09-20,70,28.89,0.0,0.0,0.0,8.28
2020-10-14,51,24.44,0.0,0.0,0.0,2.24
2021-09-22,63,26.67,0.73,0.0,0.0,8.95
2020-10-16,55,21.11,0.79,0.0,0.0,7.83
2021-09-28,59,30.56,0.0,0.0,0.0,4.7
2020-10-18,40,21.11,0.0,0.0,0.0,2.24
2021-10-05,66,31.11,0.0,0.0,0.0,3.36
2020-10-22,59,27.22,0.0,0.0,0.0,2.68
2021-10-10,64,24.44,0.0,0.0,0.0,8.05
2020-10-26,50,22.78,0.02,0.0,0.0,2.68
2021-10-15,59,29.44,0.0,0.0,0.0,2.91
2020-10-27,53,25.0,0.0,0.0,0.0,2.01
2021-10-20,45,26.11,0.0,0.0,0.0,2.01
2020-10-29,68,27.78,0.01,0.0,0.0,17.0
2021-10-29,55,21.67,0.58,0.0,0.0,9.62
2020-11-06,50,23.89,0.0,0.0,0.0,2.01
2021-11-01,43,21.11,0.0,0.0,0.0,2.01
2020-11-07,54,25.0,0.0,0.0,0.0,2.01
2021-11-05,34,11.67,0.0,0.0,0.0,6.26
2020-11-13,51,19.44,0.0,0.0,0.0,3.58
2021-11-15,33,12.22,0.0,0.0,0.0,4.47
2020-11-21,41,22.78,0.0,0.0,0.0,0.89
2021-11-21,34,17.78,0.0,0.0,0.0,1.12
2020-11-24,32,12.78,0.0,0.0,0.0,1.34
2021-11-23,27,8.33,0.0,0.0,0.0,3.58
2020-12-01,32,8.33,0.0,0.0,0.0,8.95
2021-11-28,35,16.67,0.0,0.0,0.0,4.7
2020-12-04,39,18.33,0.31,0.0,0.0,8.95
2021-12-17,54,22.78,0.0,0.0,0.0,6.93
2020-12-05,37,13.89,0.08,0.0,0.0,7.61
2021-12-20,29,6.67,0.0,0.0,0.0,4.47
2020-12-07,35,6.67,0.35,0.0,0.0,4.92
2021-12-23,27,10.56,0.0,0.0,0.0,2.91
2020-12-14,37,15.0,1.12,0.0,0.0,5.82
2022-01-02,59,21.11,0.81,0.0,0.0,11.4
2020-12-16,35,3.89,0.94,0.0,0.0,7.38
2022-01-03,31,15.56,2.29,0.0,0.0,10.3
2020-12-17,35,11.11,0.0,0.0,0.0,3.8
2022-01-06,37,15.0,0.0,0.0,0.0,4.7
2020-12-18,29,8.89,0.0,0.0,0.0,2.91
2022-01-11,27,5.0,0.0,0.0,0.0,3.4
2020-12-19,26,9.44,0.0,0.0,0.0,2.91
2022-01-12,25,11.67,0.0,0.0,0.0,6.3
2020-12-26,20,5.0,0.0,0.0,0.0,4.92
2022-01-13,27,11.67,0.0,0.0,0.0,1.6
2021-01-03,44,12.78,0.93,0.0,0.0,3.13
2022-01-14,37,13.33,0.0,0.0,0.0,3.6
2021-01-11,27,8.89,0.05,0.0,0.0,1.57
2022-01-16,25,3.33,1.22,0.0,0.0,12.3
2021-01-14,37,12.78,0.0,0.0,0.0,4.7
2022-01-18,25,9.44,0.0,0.0,0.0,3.4
2021-01-18,30,10.0,0.0,0.0,0.0,5.37
2022-01-20,30,10.0,0.34,0.0,0.0,8.3
2021-01-21,31,12.22,0.01,0.0,0.0,3.58
2022-01-30,15,6.67,0.0,0.0,0.0,4.3
2021-01-22,36,15.56,0.0,0.0,0.0,3.58
2022-01-31,22,11.67,0.0,0.0,0.0,2.7
2021-01-28,29,4.44,0.36,1.6,2.0,8.72
2022-02-01,28,11.11,0.0,0.0,0.0,4.3
2021-01-29,25,3.89,0.0,0.0,0.0,4.03
2022-02-06,23,6.67,0.0,0.0,0.0,6.5
2021-02-09,38,18.33,0.0,0.0,0.0,2.01
2022-02-14,27,10.0,0.0,0.0,0.0,3.4
2021-02-10,40,10.0,0.0,0.0,0.0,6.71
2022-02-25,42,20.56,0.01,0.0,0.0,5.4
2021-02-16,34,15.56,0.01,0.0,0.0,9.4
2022-02-27,36,7.78,0.19,0.0,0.0,3.1
2021-02-24,34,22.22,0.0,0.0,0.0,7.38
2022-03-04,41,15.56,0.0,0.0,0.0,6.9
2021-03-03,34,17.22,0.0,0.0,0.0,1.34
2022-03-06,62,27.22,0.0,0.0,0.0,14.3
2021-03-11,47,24.44,0.0,0.0,0.0,11.41
2022-03-14,32,19.44,0.0,0.0,0.0,3.8
2021-03-13,53,20.56,0.0,0.0,0.0,2.46
2022-03-16,48,22.22,0.65,0.0,0.0,4.7
2021-03-19,37,13.89,0.1,0.0,0.0,11.18
2022-03-18,48,25.0,0.0,0.0,0.0,7.2
2021-04-01,37,16.11,0.0,0.0,0.0,8.95
2022-03-28,29,16.11,0.0,0.0,0.0,7.6
2021-04-05,42,24.44,0.0,0.0,0.0,2.91
2022-04-08,49,20.0,0.16,0.0,0.0,7.4
2021-04-08,53,28.33,0.0,0.0,0.0,5.37
2022-04-10,39,17.78,0.0,0.0,0.0,7.8
2021-04-11,59,26.11,0.2,0.0,0.0,9.84
2022-04-25,59,29.44,0.0,0.0,0.0,8.5
2021-04-15,52,20.56,0.0,0.0,0.0,5.14
2022-04-30,55,22.22,0.0,0.0,0.0,3.6
2021-04-24,44,16.11,0.27,0.0,0.0,6.26
2022-05-11,53,25.0,0.0,0.0,0.0,11.2
2021-04-27,51,28.89,0.0,0.0,0.0,10.96
2022-05-19,70,33.33,0.01,0.0,0.0,9.4
2021-04-28,61,29.44,0.0,0.0,0.0,11.41
2022-05-26,61,27.78,0.01,0.0,0.0,5.8
2021-05-06,49,20.0,0.0,0.0,0.0,4.25
2022-05-28,61,27.78,0.62,0.0,0.0,2.5
2021-05-09,49,28.33,0.0,0.0,0.0,13.87
2022-05-29,59,31.11,0.0,0.0,0.0,2.7
2021-05-19,51,28.89,0.0,0.0,0.0,2.01
2021-05-22,52,31.67,0.0,0.0,0.0,3.13
2021-05-26,70,34.44,0.0,0.0,0.0,6.04
2021-05-28,68,33.33,0.02,0.0,0.0,9.17
2021-06-01,53,28.33,0.0,0.0,0.0,3.8
2021-06-02,60,27.22,1.82,0.0,0.0,5.14
2021-06-05,67,31.67,0.0,0.0,0.0,2.68
2021-06-10,71,30.0,1.0,0.0,0.0,5.82
2021-06-11,72,31.67,0.11,0.0,0.0,6.49
2021-06-20,71,27.78,1.45,0.0,0.0,6.49
2021-06-22,64,26.11,1.03,0.0,0.0,8.5
2021-07-01,72,32.78,0.18,0.0,0.0,13.65
2021-07-02,66,26.11,1.08,0.0,0.0,5.59
2021-07-07,70,32.78,0.0,0.0,0.0,8.72
2021-07-11,73,32.78,0.0,0.0,0.0,6.71
2021-07-17,73,33.33,0.0,0.0,0.0,9.62
2021-07-31,73,32.78,0.0,0.0,0.0,5.82
2021-08-05,62,30.0,0.0,0.0,0.0,4.47
2021-08-07,67,25.56,0.32,0.0,0.0,2.24
2021-08-21,72,31.11,0.0,0.0,0.0,2.91
2021-08-22,70,33.33,0.35,0.0,0.0,2.68
2021-09-06,66,28.89,0.0,0.0,0.0,5.14
2021-09-21,67,26.67,0.31,0.0,0.0,7.61
2021-09-24,51,24.44,0.0,0.0,0.0,3.36
2021-09-27,51,28.89,0.0,0.0,0.0,3.58
2021-10-02,58,29.44,0.0,0.0,0.0,5.59
2021-10-06,67,28.33,0.0,0.0,0.0,6.26
2021-10-08,67,23.89,0.02,0.0,0.0,6.26
2021-10-19,42,23.89,0.0,0.0,0.0,2.24
2021-10-21,48,26.11,0.0,0.0,0.0,8.28
2021-10-30,49,16.11,0.0,0.0,0.0,7.16
2021-11-08,34,21.67,0.0,0.0,0.0,2.68
2021-11-09,38,25.0,0.0,0.0,0.0,2.91
2021-11-14,29,14.44,0.0,0.0,0.0,3.13
2021-11-16,30,19.44,0.0,0.0,0.0,3.36
2021-11-18,52,24.44,0.0,0.0,,9.84
2021-11-20,26,12.22,0.0,0.0,0.0,2.68
2021-11-25,29,17.22,0.0,0.0,0.0,6.49
2021-11-27,28,12.22,0.0,0.0,0.0,3.58
2021-12-03,44,23.33,0.0,0.0,0.0,3.8
2021-12-05,42,16.67,0.0,0.0,0.0,5.37
2021-12-09,27,7.22,0.0,0.0,0.0,3.36
2021-12-16,36,20.56,0.0,0.0,0.0,5.82
2021-12-19,34,18.33,0.67,0.0,0.0,7.83
2021-12-24,35,17.22,0.0,0.0,0.0,11.63
2021-12-27,45,18.89,0.0,0.0,0.0,3.13
2021-12-29,61,22.78,0.02,0.0,0.0,11.86
2022-01-01,64,26.11,0.43,0.0,0.0,14.3
2022-01-09,37,18.89,0.62,0.0,0.0,9.2
2022-01-21,22,-1.11,0.15,1.5,2.0,10.7
2022-01-22,19,1.67,0.06,0.79,2.0,3.8
2022-01-27,20,6.11,0.0,0.0,0.0,2.7
2022-02-09,28,15.56,0.0,0.0,0.0,3.6
2022-02-19,28,15.56,0.0,0.0,0.0,5.6
2022-02-21,32,21.67,0.0,0.0,0.0,3.6
2022-02-28,32,15.56,0.0,0.0,0.0,4.5
2022-03-01,32,20.0,0.0,0.0,0.0,4.0
2022-03-03,46,28.89,0.0,0.0,0.0,7.4
2022-03-07,63,27.78,0.11,0.0,0.0,18.3
2022-03-11,45,16.11,0.06,0.0,0.0,3.4
2022-03-19,61,26.11,0.0,0.0,0.0,16.1
2022-03-17,55,21.11,0.55,0.0,0.0,5.1
2022-03-26,44,16.67,0.0,0.0,0.0,8.1
2022-03-30,40,23.89,0.0,0.0,0.0,8.1
2022-04-04,38,20.0,0.0,0.0,0.0,6.3
2022-04-05,52,24.44,0.36,0.0,0.0,8.5
2022-04-18,41,13.33,1.39,0.0,0.0,
2022-04-21,43,23.89,0.0,0.0,0.0,4.9
2022-04-22,53,28.33,0.0,0.0,0.0,4.5
2022-04-26,60,31.11,0.06,0.0,0.0,8.7
2022-04-27,50,22.22,0.0,0.0,0.0,5.4
2022-05-07,53,23.89,0.02,0.0,0.0,8.7
2022-05-21,69,33.89,0.29,0.0,0.0,7.6
2022-05-22,69,32.22,0.0,0.0,0.0,8.9
2017-01-04,41,17.78,0.0,0.0,0.0,5.82
2017-01-12,54,22.78,0.0,0.0,0.0,12.53
2017-01-17,47,16.67,0.04,0.0,0.0,8.28
2017-01-27,30,10.56,0.0,0.0,0.0,6.49
2017-01-29,30,12.22,0.02,0.0,0.0,8.05
2017-01-31,31,20.0,0.0,0.0,0.0,12.75
2017-02-01,42,21.11,0.0,0.0,0.0,3.8
2017-02-13,37,17.78,0.0,0.0,0.0,7.16
2017-02-15,39,13.33,0.34,0.0,0.0,5.37
2017-02-17,34,18.89,0.0,0.0,0.0,6.71
2017-03-14,30,12.22,0.25,0.0,0.0,10.51
2017-03-19,36,13.89,0.0,0.0,0.0,7.16
2017-03-21,50,27.78,0.2,0.0,0.0,5.82
2017-03-27,59,26.11,0.06,0.0,0.0,9.17
2017-03-30,55,19.44,0.0,0.0,0.0,8.95
2017-03-31,58,26.11,0.42,0.0,0.0,10.74
2017-04-12,56,28.33,0.0,0.0,0.0,4.03
2017-04-19,55,20.56,0.0,0.0,0.0,3.58
2017-04-26,56,27.22,0.0,0.0,0.0,5.37
2017-04-27,62,27.78,0.0,0.0,0.0,10.51
2017-04-29,72,31.67,0.0,0.0,0.0,10.07
2017-04-30,70,30.0,0.02,0.0,0.0,10.51
2017-05-05,56,25.56,1.48,0.0,0.0,15.88
2017-05-14,49,27.22,0.0,0.0,0.0,7.16
2017-05-16,57,30.56,0.0,0.0,0.0,3.58
2017-05-27,61,31.11,0.0,0.0,0.0,6.04
2017-05-31,68,30.0,0.0,0.0,0.0,4.7
2017-06-07,59,25.0,0.0,0.0,0.0,10.29
2017-06-19,70,33.33,0.09,0.0,0.0,11.86
2017-06-24,71,32.78,0.46,0.0,0.0,7.83
2017-06-26,60,29.44,0.0,0.0,0.0,3.36
2017-06-29,60,30.56,0.0,0.0,0.0,6.71
2017-07-01,73,32.22,0.0,0.0,0.0,9.17
2017-07-03,70,33.89,0.15,0.0,0.0,2.91
2017-07-07,73,32.78,0.0,0.0,0.0,8.95
2017-07-09,69,31.11,0.0,0.0,0.0,3.36
2017-07-21,74,36.67,0.0,0.0,0.0,5.59
2017-07-24,71,33.89,0.0,0.0,0.0,7.16
2017-07-31,58,30.56,0.0,0.0,0.0,4.47
2017-08-02,66,32.78,0.0,0.0,0.0,3.36
2017-08-05,68,33.33,0.0,0.0,0.0,6.49
2017-08-12,73,33.33,0.48,0.0,0.0,5.37
2017-08-29,64,21.67,0.22,0.0,0.0,8.5
2017-09-07,53,24.44,0.0,0.0,0.0,2.91
2017-09-10,51,21.67,0.0,0.0,0.0,8.95
2017-09-12,63,26.11,0.63,0.0,0.0,10.74
2017-09-19,64,29.44,0.0,0.0,0.0,4.25
2017-09-26,69,29.44,0.0,0.0,0.0,7.61
2017-09-27,68,32.78,0.0,0.0,0.0,5.59
2017-10-01,48,21.67,0.0,0.0,0.0,7.16
2017-10-07,59,30.0,0.15,0.0,0.0,6.26
2017-10-16,51,20.56,0.25,0.0,0.0,5.82
2017-10-22,51,26.11,0.0,0.0,0.0,3.13
2017-10-27,38,22.78,0.0,0.0,0.0,5.82
2017-11-01,46,22.78,0.0,0.0,0.0,4.25
2017-11-07,44,17.22,0.1,0.0,0.0,6.49
2017-11-12,28,9.44,0.03,0.0,0.0,1.57
2017-11-15,33,12.22,0.0,0.0,0.0,3.58
2017-11-17,34,13.89,0.0,0.0,0.0,2.91
2017-11-21,30,17.78,0.0,0.0,0.0,2.91
2017-11-27,26,16.11,0.0,0.0,0.0,1.34
2017-12-09,32,1.11,0.3,0.0,0.0,5.82
2017-12-11,26,12.78,0.0,0.0,0.0,4.92
2017-12-13,21,6.11,0.0,0.0,0.0,8.72
2017-12-16,24,10.0,0.0,0.0,0.0,3.58
2017-12-19,36,21.11,0.0,0.0,0.0,4.47
2017-12-21,36,11.67,0.0,0.0,0.0,4.47
2017-12-24,43,16.11,0.0,0.0,0.0,7.38
2017-12-27,27,7.22,0.0,0.0,0.0,4.7
2017-12-31,23,1.67,0.0,0.0,0.0,10.07
2018-01-05,12,-0.56,0.0,0.0,0.0,5.59
2018-01-13,29,13.33,0.0,0.0,0.0,9.62
2018-01-15,17,3.89,0.0,0.0,0.0,3.8
2018-01-16,20,8.33,0.0,0.0,0.0,1.79
2018-01-18,10,1.11,0.0,0.2,5.9,5.59
2018-01-22,38,16.67,0.0,0.0,0.0,4.7
2018-02-04,33,13.33,0.61,0.0,0.0,6.49
2018-03-01,50,13.89,0.59,0.0,0.0,4.47
2018-03-06,32,5.56,0.45,0.0,0.0,4.47
2018-03-15,24,18.33,0.0,0.0,0.0,11.63
2018-03-16,39,20.0,0.0,0.0,0.0,5.82
2018-03-18,40,15.56,0.01,0.0,0.0,6.04
2018-03-19,44,18.33,0.0,0.0,0.0,5.59
2018-03-21,32,5.56,0.05,0.0,0.0,6.93
2018-03-26,32,11.67,0.0,0.0,0.0,10.29
2018-03-28,43,24.44,0.0,0.0,0.0,10.74
2018-04-02,51,27.22,0.0,0.0,0.0,9.84
2018-04-05,34,16.11,0.0,0.0,0.0,3.58
2018-04-07,33,16.67,0.99,0.0,0.0,8.05
2018-04-17,33,16.67,0.0,0.0,0.0,9.4
2018-04-29,44,18.89,0.0,0.0,0.0,5.82
2018-04-30,36,22.22,0.0,0.0,0.0,4.03
2018-05-10,59,30.56,0.18,0.0,0.0,9.17
2018-05-15,69,31.11,0.02,0.0,0.0,8.72
2018-05-16,68,29.44,0.76,0.0,0.0,6.71
2018-05-19,69,23.89,0.59,0.0,0.0,8.5
2018-05-31,71,31.11,0.0,0.0,0.0,7.16
2018-06-04,64,29.44,0.0,0.0,0.0,5.59
2018-06-09,68,31.67,0.0,0.0,0.0,2.68
2018-06-19,73,35.56,0.0,0.0,0.0,5.59
2018-06-22,71,35.0,0.0,0.0,0.0,6.04
2018-06-23,74,33.33,0.18,0.0,0.0,8.72
2018-06-27,65,30.0,0.0,0.0,0.0,3.58
2018-06-29,70,33.33,0.0,0.0,0.0,4.25
2018-07-03,75,35.0,0.0,0.0,0.0,6.49
2018-07-11,67,35.56,0.05,0.0,0.0,3.8
2018-07-12,72,30.56,0.01,0.0,0.0,7.61
2018-08-05,72,33.89,0.0,0.0,0.0,3.36
2018-08-11,72,32.78,0.04,0.0,0.0,4.47
2018-08-17,73,32.78,0.0,0.0,0.0,9.62
2018-08-23,60,26.67,0.0,0.0,0.0,5.14
2018-08-28,71,34.44,0.0,0.0,0.0,6.04
2018-08-30,73,35.0,0.0,0.0,0.0,6.49
2018-09-01,71,33.89,0.19,0.0,0.0,4.92
2018-09-12,72,31.11,0.13,0.0,0.0,5.14
2018-09-17,72,31.11,1.32,0.0,0.0,11.63
2018-09-21,70,28.33,0.0,0.0,0.0,4.92
2018-09-23,64,24.44,0.0,0.0,0.0,5.37
2018-09-24,64,23.33,0.0,0.0,0.0,5.82
2018-09-29,60,27.78,0.0,0.0,0.0,3.36
2018-10-02,61,28.33,0.0,0.0,0.0,3.8
2018-10-05,68,32.22,0.0,0.0,0.0,3.8
2018-10-06,68,27.78,0.0,0.0,0.0,3.58
2018-10-19,39,20.56,0.0,0.0,0.0,3.13
2018-10-28,42,17.78,0.0,0.0,0.0,8.5
2018-10-31,42,22.22,0.0,0.0,0.0,8.5
2018-11-03,39,16.11,0.0,0.0,0.0,5.82
2018-11-07,49,22.78,0.0,0.0,0.0,1.34
2018-11-11,28,10.56,0.0,0.0,0.0,4.03
2018-11-17,33,15.0,0.0,0.0,0.0,1.57
2018-11-30,42,20.0,0.02,0.0,0.0,8.72
2018-12-21,46,18.33,0.04,0.0,0.0,14.99
2018-12-24,29,10.56,0.0,0.0,0.0,4.03
2018-12-27,29,12.22,0.02,0.0,0.0,5.14
2018-12-31,47,19.44,0.13,0.0,0.0,8.05
2019-01-01,51,21.67,0.0,0.0,0.0,7.38
2019-01-03,47,12.78,0.21,0.0,0.0,2.68
2019-01-08,46,19.44,0.0,0.0,0.0,9.17
2019-01-13,32,2.78,1.04,0.0,0.0,7.38
2019-01-15,28,8.33,0.0,0.0,0.0,1.34
2019-01-19,37,15.0,0.0,0.0,0.0,8.05
2019-01-23,31,17.78,0.04,0.0,0.0,7.83
2019-02-06,47,25.0,0.0,0.0,0.0,7.16
2019-02-08,45,23.89,0.0,0.0,0.0,9.17
2019-02-27,40,10.0,0.29,0.0,0.0,3.13
2019-02-28,42,16.67,0.0,0.0,0.0,5.82
2019-03-07,23,10.0,0.0,0.0,0.0,2.46
2019-03-08,39,9.44,0.1,0.0,0.0,4.7
2019-03-22,42,17.22,0.0,0.0,0.0,9.4
2019-03-27,30,13.89,0.0,0.0,0.0,6.93
2019-03-28,32,18.89,0.0,0.0,0.0,3.58
2019-04-03,31,20.56,0.0,0.0,0.0,4.7
2019-04-08,57,27.22,1.98,0.0,0.0,8.5
2019-04-09,61,23.33,0.04,0.0,0.0,5.82
2019-04-11,47,26.11,0.0,0.0,0.0,6.49
2019-04-12,59,20.56,0.65,0.0,0.0,9.17
2019-04-22,43,22.78,0.0,0.0,0.0,1.79
2019-04-23,46,27.22,0.0,0.0,0.0,7.38
2019-04-30,60,30.0,0.0,0.0,0.0,8.5
2019-05-03,63,28.89,0.0,0.0,0.0,8.28
2019-05-08,62,28.33,0.0,0.0,0.0,7.38
2019-05-10,66,25.56,0.0,0.0,0.0,8.28
2019-05-11,64,27.22,0.18,0.0,0.0,5.37
2019-05-14,47,19.44,0.0,0.0,0.0,4.92
2019-05-16,51,26.11,0.0,0.0,0.0,4.03
2019-05-21,63,29.44,0.0,0.0,0.0,5.82
2019-06-12,59,23.33,0.35,0.0,0.0,6.71
2019-06-14,53,26.11,0.0,0.0,0.0,4.03
2019-06-28,70,36.11,1.09,0.0,0.0,3.8
2019-06-30,69,34.44,0.0,0.0,0.0,5.14
2019-07-03,70,36.11,0.0,0.0,0.0,4.03
2019-07-07,75,33.89,0.21,0.0,0.0,6.04
2019-07-11,75,33.89,0.0,0.0,0.0,9.17
2019-07-14,72,35.56,0.0,0.0,0.0,3.36
2019-07-15,70,35.0,0.35,0.0,0.0,4.25
2019-07-17,76,36.67,0.03,0.0,0.0,8.95
2019-07-19,74,36.67,0.0,0.0,0.0,6.93
2019-07-21,73,37.22,0.0,0.0,0.0,9.62
2019-07-24,62,28.89,0.0,0.0,0.0,4.7
2019-07-25,63,30.56,0.0,0.0,0.0,4.25
2019-07-30,68,34.44,0.0,0.0,0.0,6.26
2019-08-02,68,30.56,0.21,0.0,0.0,5.14
2019-08-10,71,32.78,0.0,0.0,0.0,3.58
2019-08-16,70,31.11,0.64,0.0,0.0,3.13
2019-08-17,72,32.78,0.0,0.0,0.0,4.47
2019-08-19,72,35.0,0.0,0.0,0.0,6.26
2019-08-28,69,31.11,0.0,0.0,0.0,2.91
2019-09-01,63,30.0,0.0,0.0,0.0,5.59
2019-09-10,70,31.67,0.0,0.0,0.0,3.8
2019-09-12,71,35.56,0.0,0.0,0.0,4.03
2019-09-13,71,27.78,0.01,0.0,0.0,8.95
2019-09-17,66,31.11,0.07,0.0,0.0,5.82
2019-09-18,60,26.11,0.0,0.0,0.0,7.61
2019-09-30,71,31.11,0.0,0.0,0.0,6.04
2019-10-12,52,30.0,0.0,0.0,0.0,4.03
2019-10-22,57,25.0,0.18,0.0,0.0,6.04
2019-11-30,46,10.0,0.25,0.0,0.0,4.03
2019-12-11,30,8.89,0.32,0.0,0.0,4.47
2019-12-16,40,21.11,0.0,0.0,0.0,7.61
2019-12-18,34,8.89,0.0,0.0,0.0,6.26
2019-12-19,27,6.67,0.0,0.0,0.0,1.79
2019-12-23,42,10.0,0.25,0.0,0.0,5.59
2019-12-27,44,19.44,0.0,0.0,0.0,2.01
2019-12-31,39,15.0,0.0,0.0,0.0,6.04
2020-01-01,35,12.78,0.0,0.0,0.0,4.47
2020-01-11,57,22.22,0.02,0.0,0.0,12.97
2020-01-12,63,21.11,0.31,0.0,0.0,9.17
2020-01-26,32,12.22,0.0,0.0,0.0,4.25
2020-01-29,28,10.0,0.0,0.0,0.0,2.68
2020-01-30,32,10.56,0.0,0.0,0.0,5.82
2020-02-02,33,17.22,0.0,0.0,0.0,10.96
2020-02-04,57,20.56,0.0,0.0,0.0,10.07
2020-02-08,27,6.11,0.0,0.0,0.0,5.37
2020-02-21,26,2.22,0.0,0.0,2.0,7.61
2020-02-22,22,12.22,0.0,0.0,0.0,2.68
2020-02-26,48,17.78,0.0,0.0,0.0,6.93
2020-03-01,24,15.0,0.0,0.0,0.0,5.37
2020-03-06,40,15.0,0.0,0.0,0.0,7.83
2020-03-14,51,20.56,0.0,0.0,0.0,5.37
2020-03-17,50,17.22,0.0,0.0,0.0,5.59
2020-03-22,46,14.44,0.03,0.0,0.0,10.96
2020-04-06,52,27.78,0.02,0.0,0.0,5.37
2020-04-10,42,15.56,0.0,0.0,0.0,8.28
2020-04-18,41,19.44,0.36,0.0,0.0,9.17
2020-04-29,59,27.22,0.0,0.0,0.0,15.21
2020-05-03,53,30.0,0.0,0.0,0.0,9.17
2020-05-05,53,22.78,0.02,0.0,0.0,8.28
2020-05-23,61,29.44,0.0,0.0,0.0,4.47
2020-05-28,70,29.44,0.73,0.0,0.0,6.49
2020-05-30,68,31.11,0.0,0.0,0.0,3.8
2020-06-05,71,31.11,0.0,0.0,0.0,8.28
2020-06-10,76,33.33,0.05,0.0,0.0,11.18
2020-06-19,66,30.0,0.8,0.0,0.0,5.59
2020-06-21,62,31.67,0.0,0.0,0.0,2.24
2020-06-22,70,32.78,0.0,0.0,0.0,7.83
2020-06-27,66,32.78,0.0,0.0,0.0,5.82
2020-06-29,72,32.78,0.0,0.0,0.0,4.03
2020-07-02,70,32.22,0.0,0.0,0.0,5.37
2020-07-17,73,35.0,0.96,0.0,0.0,6.26
2020-07-19,72,35.0,0.0,0.0,0.0,7.16
2020-08-13,73,32.22,0.06,0.0,0.0,3.8
2020-08-27,71,33.89,0.0,0.0,0.0,7.16
2020-09-01,73,27.78,0.01,0.0,0.0,2.01
2020-09-12,68,26.67,0.01,0.0,0.0,8.72
2020-10-03,46,22.22,0.0,0.0,0.0,5.82
2020-10-10,62,23.89,0.7,0.0,0.0,2.46
2020-10-15,53,26.67,0.0,0.0,0.0,5.82
2020-10-21,63,28.33,0.0,0.0,0.0,2.46
2020-10-23,57,26.67,0.0,0.0,0.0,1.12
2020-10-24,60,28.33,0.0,0.0,0.0,3.36
2020-10-25,51,20.0,0.1,0.0,0.0,8.05
2020-11-09,53,24.44,0.0,0.0,0.0,3.8
2020-11-14,43,18.89,0.0,0.0,0.0,3.13
2020-11-16,43,17.22,0.0,0.0,0.0,4.03
2020-11-17,35,16.67,0.0,0.0,0.0,5.82
2020-11-19,28,13.89,0.0,0.0,0.0,2.01
2020-12-03,26,14.44,0.0,0.0,0.0,3.58
2020-12-08,27,8.89,0.0,0.0,0.0,4.25
2020-12-15,29,7.22,0.0,0.0,0.0,6.49
2020-12-20,35,7.78,0.47,0.0,0.0,2.68
2020-12-23,27,13.89,0.0,0.0,0.0,3.58
2020-12-31,41,12.78,0.41,0.0,0.0,3.36
2021-01-05,29,8.89,0.0,0.0,0.0,1.34
2021-01-06,34,10.56,0.0,0.0,0.0,2.46
2021-01-17,27,10.0,0.0,0.0,0.0,6.93
2021-01-24,23,7.78,0.0,0.0,0.0,3.8
2021-01-26,41,8.89,0.37,0.0,0.0,4.47
2021-01-30,20,6.67,0.0,0.0,0.0,2.01
2021-02-01,33,6.11,0.0,0.0,0.0,5.82
2021-02-03,31,10.0,0.0,0.0,0.0,8.05
2021-02-07,29,9.44,0.66,0.0,0.0,4.25
2021-02-08,25,11.67,0.0,0.0,0.0,4.03
2021-02-18,32,4.44,0.78,0.0,0.0,9.17
2021-02-20,28,7.22,0.0,0.0,0.0,4.47
2021-02-25,41,19.44,0.0,0.0,0.0,6.04
2021-02-26,41,10.0,0.58,0.0,0.0,9.17
2021-03-04,34,19.44,0.0,0.0,0.0,4.7
2021-03-10,40,24.44,0.0,0.0,0.0,5.82
2021-03-15,45,13.33,0.0,0.0,0.0,7.61
2021-03-22,43,20.56,0.0,0.0,0.0,10.51
2021-03-24,55,20.0,0.07,0.0,0.0,4.7
2021-03-26,64,26.11,0.14,0.0,0.0,12.08
2021-04-06,49,28.33,0.0,0.0,0.0,3.36
2021-04-07,50,30.0,0.0,0.0,0.0,2.24
2021-04-23,31,19.44,0.0,0.0,0.0,3.8
2021-04-25,47,21.11,0.02,0.0,0.0,5.59
2021-04-30,63,26.11,0.0,0.0,0.0,10.51
2021-05-02,51,28.89,0.0,0.0,0.0,10.96
2021-05-10,60,27.22,0.37,0.0,0.0,10.07
2021-05-11,52,21.11,0.0,0.0,0.0,4.7
2021-05-12,41,13.89,0.09,0.0,0.0,6.04
2021-05-13,37,21.67,0.0,0.0,0.0,4.03
2021-05-14,41,22.78,0.0,0.0,0.0,3.13
2021-05-15,40,24.44,0.0,0.0,0.0,2.01
2021-05-24,64,33.89,0.31,0.0,0.0,3.8
2021-05-30,52,17.22,0.01,0.0,0.0,7.16
2021-06-06,68,32.22,0.0,0.0,0.0,6.71
2021-06-08,71,31.11,0.0,0.0,0.0,10.96
2021-06-14,67,32.22,0.0,0.0,0.0,5.37
2021-06-25,63,26.67,0.04,0.0,0.0,4.47
2021-06-27,70,31.67,0.0,0.0,0.0,4.92
2021-07-06,68,32.22,0.0,0.0,0.0,7.61
2021-07-10,70,33.33,0.0,0.0,0.0,2.91
2021-07-14,69,32.22,0.02,0.0,0.0,6.26
2021-07-15,71,32.78,0.0,0.0,0.0,6.93
2021-07-18,71,30.56,0.17,0.0,0.0,7.83
2021-07-19,67,24.44,0.52,0.0,0.0,3.8
2021-07-25,70,31.67,0.0,0.0,0.0,9.62
2021-07-28,71,35.0,0.0,0.0,0.0,4.7
2021-08-09,69,33.89,0.0,0.0,0.0,5.59
2021-08-13,76,37.78,0.0,0.0,0.0,8.72
2021-08-14,71,35.0,0.55,0.0,0.0,6.49
2021-08-15,70,31.11,0.15,0.0,0.0,1.79
2021-08-26,73,33.89,0.0,0.0,0.0,5.14
2021-10-04,65,31.11,0.47,0.0,0.0,6.26
2021-10-07,66,25.0,0.0,0.0,0.0,8.95
2021-10-12,59,21.67,0.0,0.0,0.0,2.68
2021-10-13,57,27.78,0.0,0.0,0.0,1.34
2021-10-14,60,28.89,0.0,0.0,0.0,2.01
2021-10-16,56,29.44,0.17,0.0,0.0,8.05
2021-10-18,42,21.67,0.0,0.0,0.0,3.58
2021-10-22,54,25.56,0.01,0.0,0.0,5.82
2021-10-31,49,22.22,0.0,0.0,0.0,6.04
2021-11-04,39,8.89,0.07,0.0,0.0,4.7
2021-11-06,38,12.22,0.0,0.0,0.0,12.08
2021-11-13,40,18.89,0.0,0.0,0.0,6.49
2021-11-24,24,11.67,0.0,0.0,0.0,1.57
2021-11-26,35,12.22,0.14,0.0,0.0,6.26
2021-12-02,45,21.67,0.0,0.0,0.0,8.28
2021-12-12,30,14.44,0.0,0.0,0.0,4.03
2021-12-13,27,15.56,0.0,0.0,0.0,2.01
2021-12-22,37,14.44,0.0,0.0,0.0,4.7
2021-12-30,64,19.44,0.1,0.0,0.0,6.26
2021-12-31,61,23.33,0.0,0.0,0.0,4.9
2022-01-04,26,6.67,0.0,0.0,0.0,3.4
2022-01-10,34,11.67,0.0,0.0,0.0,5.1
2022-02-02,25,15.56,0.0,0.0,0.0,3.1
2022-02-03,48,21.11,0.02,0.0,0.0,9.6
2022-02-04,47,19.44,0.3,0.0,0.0,15.2
2022-02-07,32,2.78,0.53,0.0,0.0,5.6
2022-02-11,36,21.11,0.0,0.0,0.0,8.3
2022-02-12,44,22.78,0.0,0.0,0.0,8.3
2022-02-13,32,12.22,0.0,0.0,0.0,6.7
2022-02-17,53,23.89,0.0,0.0,0.0,13.2
2022-02-18,38,21.67,0.16,0.0,0.0,11.2
2022-03-02,42,24.44,0.0,0.0,0.0,5.1
2022-03-08,49,17.22,0.39,0.0,0.0,5.8
2022-03-12,28,15.56,1.01,0.0,0.0,10.3
2022-03-21,34,21.67,0.0,0.0,0.0,4.3
2022-03-25,52,21.11,0.0,0.0,0.0,8.1
2022-03-29,30,12.78,0.0,0.0,0.0,3.8
2022-03-31,65,22.78,0.72,0.0,0.0,16.1
2022-04-13,63,28.89,0.0,0.0,0.0,12.3
2022-04-16,51,24.44,0.0,0.0,0.0,6.5
2022-04-20,34,18.89,0.0,0.0,0.0,2.9
2022-04-24,59,28.89,0.0,0.0,0.0,8.1
2022-05-01,50,28.33,0.82,0.0,0.0,6.3
2022-05-02,64,28.89,0.0,0.0,0.0,6.7
2022-05-04,67,31.11,0.0,0.0,0.0,8.7
2022-05-05,62,24.44,0.0,0.0,0.0,8.5
2022-05-06,62,29.44,0.97,0.0,0.0,7.8
2022-05-09,44,21.67,0.0,0.0,0.0,7.2
2022-05-10,48,23.89,0.0,0.0,0.0,9.4
2022-05-13,63,25.56,0.0,0.0,0.0,6.9
2022-05-15,61,30.0,0.0,0.0,0.0,5.4
2022-05-17,53,28.89,0.0,0.0,0.0,4.5
2022-05-18,55,30.56,0.0,0.0,0.0,6.3
2022-05-20,66,35.56,0.0,0.0,0.0,10.5
2022-05-24,61,26.67,0.0,0.0,0.0,8.3
2022-05-31,68,33.33,0.0,0.0,0.0,4.0
